Query,Search Volume Tier,Intent,Primary Category,Target URL Mapping,Priority Flag
best venetian plaster trowel stainless steel,High (5k-50k),Commercial,Venetian Plaster Tools,/tools/venetian-plaster-trowels,High
pavan venetian plaster trowel original italy,High (5k-50k),Transactional/Product-led,Venetian Plaster Tools,/tools/venetian-plaster-trowels,High
japanese trapezoid plastering trowel for burnishing,Medium (1k-5k),Transactional/Product-led,Venetian Plaster Tools,/tools/venetian-plaster-trowels,High
bevel edge stainless burnishing spatula luxury wall,Medium (1k-5k),Commercial,Venetian Plaster Tools,/tools/japanese-plaster-spatulas,High
professional plastering hawk and spatula kit,High (5k-50k),Commercial,Venetian Plaster Tools,/tools/hawks-and-lime-mixers,High
exotic plaster burnishing trowel mirror finish,High (5k-50k),Commercial,Venetian Plaster Tools,/tools/stainless-steel-burnishers,High
flexible stainless steel venetian plaster spatula,Medium (1k-5k),Transactional/Product-led,Venetian Plaster Tools,/tools/japanese-plaster-spatulas,High
buy authentic Italian plastering trowel online,High (5k-50k),Transactional/Product-led,Venetian Plaster Tools,/tools/venetian-plaster-trowels,High
heavy duty lime plaster paddle mixer,Medium (1k-5k),Commercial,Venetian Plaster Tools,/tools/hawks-and-lime-mixers,High
venetian plaster blade polisher burnishing tool,High (5k-50k),Commercial,Venetian Plaster Tools,/tools/stainless-steel-burnishers,High
stucco venetiano trowel set high grade steel,High (5k-50k),Commercial,Venetian Plaster Tools,/tools/venetian-plaster-trowels,High
microcement application squeegee trowel,Medium (1k-5k),Transactional/Product-led,Venetian Plaster Tools,/tools/venetian-plaster-trowels,High
marmorino coarse plastering trowel wooden handle,Medium (1k-5k),Commercial,Venetian Plaster Tools,/tools/venetian-plaster-trowels,High
corner trowel for Italian lime plaster finish,Low (100-1k),Commercial,Venetian Plaster Tools,/tools/venetian-plaster-trowels,High
titanium coated plaster burnishing trowel,Medium (1k-5k),Transactional/Product-led,Venetian Plaster Tools,/tools/stainless-steel-burnishers,High
magnesium plastering hawk 13 inch heavy duty,Medium (1k-5k),Commercial,Venetian Plaster Tools,/tools/hawks-and-lime-mixers,High
lime putty finishing trowel ultra smooth blade,High (5k-50k),Commercial,Venetian Plaster Tools,/tools/venetian-plaster-trowels,High
artisan decorative plastering tools catalog,High (5k-50k),Commercial,Venetian Plaster Tools,/tools,High
marmorino trowel 240mm trapezoidal blade,Medium (1k-5k),Transactional/Product-led,Venetian Plaster Tools,/tools/venetian-plaster-trowels,High
luxury wall texture applicator tool set,High (5k-50k),Commercial,Venetian Plaster Tools,/tools,High
rounded edge venetian plaster burnishing spatula,Medium (1k-5k),Transactional/Product-led,Venetian Plaster Tools,/tools/japanese-plaster-spatulas,High
plasterers finishing trowel for lime marmorino,Medium (1k-5k),Commercial,Venetian Plaster Tools,/tools/venetian-plaster-trowels,High
wax application spatula for polished plaster,Low (100-1k),Transactional/Product-led,Venetian Plaster Tools,/tools/japanese-plaster-spatulas,High
italian decorative plaster scraper tool,Low (100-1k),Commercial,Venetian Plaster Tools,/tools/japanese-plaster-spatulas,High
imported venetian plaster trowel supplier USA,High (5k-50k),Commercial,Venetian Plaster Tools,/tools/venetian-plaster-trowels,High
authentic grassello di calce italian lime plaster,High (5k-50k),Commercial,Italian Lime Plaster,/products/grassello-di-calce,High
pit aged slaked lime plaster supplier USA,High (5k-50k),Commercial,Italian Lime Plaster,/products/lime-plaster,High
slaked lime putty for traditional venetian plaster,High (5k-50k),Transactional/Product-led,Italian Lime Plaster,/products/grassello-di-calce,High
calce rasata natural lime plaster finish,Medium (1k-5k),Commercial,Italian Lime Plaster,/products/calce-rasata-putty,High
ecological VOC free Italian lime plaster wall finish,High (5k-50k),Commercial,Italian Lime Plaster,/products/lime-plaster,High
breathable lime wall plaster for luxury interiors,High (5k-50k),Commercial,Italian Lime Plaster,/products/lime-plaster,High
mineral lime plaster manufacturer direct,High (5k-50k),Commercial,Italian Lime Plaster,/products/lime-plaster,High
grassello venetian plaster 24kg bucket price,High (5k-50k),Transactional/Product-led,Italian Lime Plaster,/products/grassello-di-calce,High
intonachino medium grain lime stucco exterior,Medium (1k-5k),Commercial,Italian Lime Plaster,/products/intonachino-coarse,High
custom tinted lime plaster Italian formula,High (5k-50k),Commercial,Italian Lime Plaster,/products/lime-plaster,High
slaked lime paste for historic restoration plaster,Medium (1k-5k),Commercial,Italian Lime Plaster,/products/lime-plaster,High
high gloss mirror grassello wall plaster,High (5k-50k),Commercial,Italian Lime Plaster,/products/grassello-di-calce,High
natural lime finish stucco for luxury bathrooms,High (5k-50k),Commercial,Italian Lime Plaster,/products/lime-plaster,High
lime wall finish mold resistant zero VOC,Medium (1k-5k),Commercial,Italian Lime Plaster,/products/lime-plaster,High
buy imported Italian lime stucco online,High (5k-50k),Transactional/Product-led,Italian Lime Plaster,/products/lime-plaster,High
calce lime plaster for architectural feature walls,High (5k-50k),Commercial,Italian Lime Plaster,/products/lime-plaster,High
grassello di calce price per gallon,Medium (1k-5k),Transactional/Product-led,Italian Lime Plaster,/products/grassello-di-calce,High
traditional Venetian lime plaster supplier California,High (5k-50k),Local B2B,Italian Lime Plaster,/products/lime-plaster,High
lime base coat plaster intonachino coarse,Medium (1k-5k),Transactional/Product-led,Italian Lime Plaster,/products/intonachino-coarse,High
venetian lime plaster primer substrate prep,Medium (1k-5k),Commercial,Italian Lime Plaster,/products/lime-plaster,High
slaked lime plaster for residential master bedroom,Medium (1k-5k),Local B2C,Italian Lime Plaster,/products/lime-plaster,High
pure mineral lime paste stucco decorativo,Medium (1k-5k),Commercial,Italian Lime Plaster,/products/lime-plaster,High
italian slaked lime wall finish distributor,High (5k-50k),Local B2B,Italian Lime Plaster,/products/lime-plaster,High
natural hydraulic lime plaster vs slaked lime putty,Medium (1k-5k),Informational,Italian Lime Plaster,/products/lime-plaster,High
premium Venetian plaster wall finish formula,High (5k-50k),Commercial,Italian Lime Plaster,/products/lime-plaster,High
venetian plaster contractor near me luxury homes,High (5k-50k),Local B2C,Venetian Plaster Contractors,/services/local-venetian-plaster-applicators,High
commercial venetian plaster installer New York City,High (5k-50k),Local B2B,Venetian Plaster Contractors,/services/commercial-venetian-plastering,High
hire master venetian plaster artisan Miami FL,High (5k-50k),Local B2C,Venetian Plaster Contractors,/services/local-venetian-plaster-applicators,High
luxury hotel venetian plaster specialist contractor,High (5k-50k),Local B2B,Venetian Plaster Contractors,/services/commercial-venetian-plastering,High
venetian plaster wall installation cost per sq ft,High (5k-50k),Commercial,Venetian Plaster Contractors,/guides/venetian-plaster-cost-per-sq-ft,High
licensed plastering contractor polished wall finishes,High (5k-50k),Local B2B,Venetian Plaster Contractors,/services/commercial-venetian-plastering,High
artisan decorative plasterer Los Angeles CA,High (5k-50k),Local B2C,Venetian Plaster Contractors,/services/local-venetian-plaster-applicators,High
custom marmorino plaster installation service,High (5k-50k),Commercial,Venetian Plaster Contractors,/services/residential-artisan-plastering,High
venetian plaster feature wall installer luxury condo,High (5k-50k),Local B2C,Venetian Plaster Contractors,/services/residential-artisan-plastering,High
high end commercial interior plastering firm,High (5k-50k),Local B2B,Venetian Plaster Contractors,/services/commercial-venetian-plastering,High
best artisan wall finish studio Chicago,High (5k-50k),Local B2C,Venetian Plaster Contractors,/services/local-venetian-plaster-applicators,High
venetian plaster contractor quote estimates,High (5k-50k),Commercial,Venetian Plaster Contractors,/commission,High
custom metallic plaster applicator Dallas Texas,High (5k-50k),Local B2B,Venetian Plaster Contractors,/services/local-venetian-plaster-applicators,High
seamless microcement contractor London luxury,High (5k-50k),Local B2B,Venetian Plaster Contractors,/services/microcement-flooring,High
architectural wall finish subcontracting services,High (5k-50k),Local B2B,Venetian Plaster Contractors,/services/commercial-venetian-plastering,High
residential decorative stucco applicator Houston,Medium (1k-5k),Local B2C,Venetian Plaster Contractors,/services/local-venetian-plaster-applicators,High
venetian plaster fireplace installation expert,High (5k-50k),Local B2C,Venetian Plaster Contractors,/services/residential-artisan-plastering,High
boutique retail store plaster installation contractor,High (5k-50k),Local B2B,Venetian Plaster Contractors,/services/commercial-venetian-plastering,High
master plasterer burnished wall finishes Scottsdale,Medium (1k-5k),Local B2C,Venetian Plaster Contractors,/services/local-venetian-plaster-applicators,High
venetian plaster ceiling contractor specialized team,High (5k-50k),Commercial,Venetian Plaster Contractors,/services/residential-artisan-plastering,High
luxury restaurant interior wall plaster installer,High (5k-50k),Local B2B,Venetian Plaster Contractors,/services/commercial-venetian-plastering,High
hand applied Italian stucco specialist near me,High (5k-50k),Local B2C,Venetian Plaster Contractors,/services/local-venetian-plaster-applicators,High
microcement bathroom contractor installer Palm Beach,High (5k-50k),Local B2C,Venetian Plaster Contractors,/services/wetroom-microcement,High
certified Italian plaster applicator company,High (5k-50k),Commercial,Venetian Plaster Contractors,/services/commercial-venetian-plastering,High
bespoke wall plastering commission studio,High (5k-50k),Commercial,Venetian Plaster Contractors,/commission,High
exterior lime plaster facade contractor luxury villa,High (5k-50k),Local B2B,Venetian Plaster Contractors,/services/commercial-venetian-plastering,High
high luxury venetian plaster artisan studio USA,High (5k-50k),Commercial,Venetian Plaster Contractors,/studio,High
marmorino naturale italian plaster wall finish,High (5k-50k),Commercial,Marmorino & Textured Finishes,/products/marmorino-naturale,High
marmorino fine polished marble plaster,High (5k-50k),Transactional/Product-led,Marmorino & Textured Finishes,/products/marmorino-naturale,High
marmorino carrara satin stone wall finish,High (5k-50k),Commercial,Marmorino & Textured Finishes,/products/marmorino-naturale,High
travertine effect marmorino plaster application,High (5k-50k),Commercial,Marmorino & Textured Finishes,/products/marmorino-naturale,High
coarse aggregate marmorino plaster for exterior,Medium (1k-5k),Commercial,Marmorino & Textured Finishes,/products/marmorino-naturale,High
custom tinted marmorino plaster color chart,High (5k-50k),Commercial,Marmorino & Textured Finishes,/products/marmorino-naturale,High
marmorino vs venetian plaster key differences,High (5k-50k),Informational,Marmorino & Textured Finishes,/guides/microcement-vs-venetian-plaster,High
concrete effect marmorino plaster finish walls,High (5k-50k),Commercial,Marmorino & Textured Finishes,/products/marmorino-naturale,High
textured lime plaster marmorino for fireplace,High (5k-50k),Local B2C,Marmorino & Textured Finishes,/products/marmorino-naturale,High
matte stone finish marmorino plaster bucket,Medium (1k-5k),Transactional/Product-led,Marmorino & Textured Finishes,/products/marmorino-naturale,High
marmorino plaster price per square foot,High (5k-50k),Commercial,Marmorino & Textured Finishes,/guides/venetian-plaster-cost-per-sq-ft,High
italian marmorino wall finish for luxury dining room,Medium (1k-5k),Local B2C,Marmorino & Textured Finishes,/products/marmorino-naturale,High
slaked lime marmorino powder mix formula,Medium (1k-5k),Commercial,Marmorino & Textured Finishes,/products/marmorino-naturale,High
marmorino stone finish plaster supplier US,High (5k-50k),Commercial,Marmorino & Textured Finishes,/products/marmorino-naturale,High
polished marmorino plaster wax sealer finish,Medium (1k-5k),Commercial,Marmorino & Textured Finishes,/guides/lime-plaster-care-waxing,High
distressed pitted marmorino stone wall texture,Medium (1k-5k),Commercial,Marmorino & Textured Finishes,/products/marmorino-naturale,High
black marmorino plaster feature wall luxury decor,High (5k-50k),Commercial,Marmorino & Textured Finishes,/products/marmorino-naturale,High
natural marmorino stucco zero VOC indoor finish,High (5k-50k),Commercial,Marmorino & Textured Finishes,/products/marmorino-naturale,High
marmorino plaster sample board custom order,Medium (1k-5k),Transactional/Product-led,Marmorino & Textured Finishes,/atelier,High
heavy texture marmorino plaster wall design,High (5k-50k),Commercial,Marmorino & Textured Finishes,/products/marmorino-naturale,High
metaline bronze metallic wall plaster finish,High (5k-50k),Commercial,Metallic & Decorative Wall Finishes,/products/metaline-bronze-copper,High
velvet rust patina decorative wall finish,High (5k-50k),Commercial,Metallic & Decorative Wall Finishes,/products/velvet-rust-patina,High
gold leaf venetian plaster feature wall luxury,High (5k-50k),Commercial,Metallic & Decorative Wall Finishes,/products/gold-leaf-stucco,High
copper metaline plaster finish commercial interior,Medium (1k-5k),Local B2B,Metallic & Decorative Wall Finishes,/products/metaline-bronze-copper,High
stucco metallico metallic decorative plaster paste,High (5k-50k),Transactional/Product-led,Metallic & Decorative Wall Finishes,/products/metallic-wall-finishes,High
pearl shimmer venetian plaster glaze,Medium (1k-5k),Commercial,Metallic & Decorative Wall Finishes,/products/metallic-wall-finishes,High
oxidized metal wall plaster finish texture,High (5k-50k),Commercial,Metallic & Decorative Wall Finishes,/products/velvet-rust-patina,High
champagne gold metallic venetian plaster studio,High (5k-50k),Commercial,Metallic & Decorative Wall Finishes,/products/gold-leaf-stucco,High
metallic wall finish cost luxury architectural decor,High (5k-50k),Commercial,Metallic & Decorative Wall Finishes,/guides/venetian-plaster-cost-per-sq-ft,High
custom liquid bronze wall plaster finish application,Medium (1k-5k),Commercial,Metallic & Decorative Wall Finishes,/products/metaline-bronze-copper,High
silver metallic marmorino plaster wall finish,Medium (1k-5k),Commercial,Metallic & Decorative Wall Finishes,/products/metallic-wall-finishes,High
antique brass metallic wall finish plaster sample,Low (100-1k),Transactional/Product-led,Metallic & Decorative Wall Finishes,/atelier,High
iron rust effect decorative plaster finish indoors,Medium (1k-5k),Commercial,Metallic & Decorative Wall Finishes,/products/velvet-rust-patina,High
metallic burnished stucco wall finish luxury bar,High (5k-50k),Local B2B,Metallic & Decorative Wall Finishes,/products/metallic-wall-finishes,High
rose gold decorative lime plaster accent wall,Medium (1k-5k),Local B2C,Metallic & Decorative Wall Finishes,/products/metallic-wall-finishes,High
seamless microcement flooring installer cost per sq ft,High (5k-50k),Commercial,Microcement Application,/services/microcement-flooring,High
waterproof microcement shower wetroom application,High (5k-50k),Commercial,Microcement Application,/services/wetroom-microcement,High
microcement vs venetian plaster bathroom walls,High (5k-50k),Informational,Microcement Application,/guides/microcement-vs-venetian-plaster,High
luxury microcement kitchen countertop finish,High (5k-50k),Commercial,Microcement Application,/products/microcement-systems,High
commercial microcement floor installation company,High (5k-50k),Local B2B,Microcement Application,/services/microcement-flooring,High
microcement bathroom wall and floor seamless system,High (5k-50k),Commercial,Microcement Application,/services/wetroom-microcement,High
outdoor microcement patio pool deck application,Medium (1k-5k),Commercial,Microcement Application,/products/microcement-systems,High
microcement kit price 100 sq ft seamless,High (5k-50k),Transactional/Product-led,Microcement Application,/products/microcement-systems,High
industrial microcement floor contractor near me,High (5k-50k),Local B2B,Microcement Application,/services/microcement-flooring,High
microcement overlay existing tiles bathroom,High (5k-50k),Informational,Microcement Application,/guides/how-to-apply-venetian-plaster,High
microcement maintenance sealer care products,Medium (1k-5k),Transactional/Product-led,Microcement Application,/guides/lime-plaster-care-waxing,High
custom colored microcement floor finish studio,High (5k-50k),Commercial,Microcement Application,/services/microcement-flooring,High
microcement stairs installation luxury residence,Medium (1k-5k),Local B2C,Microcement Application,/services/microcement-flooring,High
two component microcement waterproof resin system,Medium (1k-5k),Transactional/Product-led,Microcement Application,/products/microcement-systems,High
microcement wall finish contractor Miami FL,High (5k-50k),Local B2C,Microcement Application,/services/wetroom-microcement,High
venetian plaster trowel price guide,Medium (1k-5k),Commercial,Venetian Plaster Tools,/tools/venetian-plaster-trowels,Medium
how to clean venetian plaster trowel,Low (100-1k),Informational,Venetian Plaster Tools,/guides/lime-plaster-care-waxing,Low
best venetian plaster trowel for beginners,Medium (1k-5k),Informational,Venetian Plaster Tools,/tools,Medium
professional venetian plaster trowel supplier,Medium (1k-5k),Commercial,Venetian Plaster Tools,/tools,Medium
buy venetian plaster trowel online USA,Low (100-1k),Transactional/Product-led,Venetian Plaster Tools,/tools,Low
venetian plaster trowel dimensions and specs,Micro-Niche (10-100),Informational,Venetian Plaster Tools,/tools,Low
imported Italian venetian plaster trowel,Low (100-1k),Transactional/Product-led,Venetian Plaster Tools,/tools/venetian-plaster-trowels,Low
flexible blade venetian plaster trowel review,Micro-Niche (10-100),Informational,Venetian Plaster Tools,/tools/japanese-plaster-spatulas,Low
venetian plaster trowel maintenance and sharpening,Micro-Niche (10-100),Informational,Venetian Plaster Tools,/guides/lime-plaster-care-waxing,Low
venetian plaster trowel replacement blades,Micro-Niche (10-100),Transactional/Product-led,Venetian Plaster Tools,/tools/japanese-plaster-spatulas,Low
burnishing trowel price guide,Medium (1k-5k),Commercial,Venetian Plaster Tools,/tools/venetian-plaster-trowels,Medium
how to clean burnishing trowel,Low (100-1k),Informational,Venetian Plaster Tools,/guides/lime-plaster-care-waxing,Low
best burnishing trowel for beginners,Medium (1k-5k),Informational,Venetian Plaster Tools,/tools,Medium
professional burnishing trowel supplier,Medium (1k-5k),Commercial,Venetian Plaster Tools,/tools,Medium
buy burnishing trowel online USA,Low (100-1k),Transactional/Product-led,Venetian Plaster Tools,/tools,Low
burnishing trowel dimensions and specs,Micro-Niche (10-100),Informational,Venetian Plaster Tools,/tools,Low
imported Italian burnishing trowel,Low (100-1k),Transactional/Product-led,Venetian Plaster Tools,/tools/venetian-plaster-trowels,Low
flexible blade burnishing trowel review,Micro-Niche (10-100),Informational,Venetian Plaster Tools,/tools/japanese-plaster-spatulas,Low
burnishing trowel maintenance and sharpening,Micro-Niche (10-100),Informational,Venetian Plaster Tools,/guides/lime-plaster-care-waxing,Low
burnishing trowel replacement blades,Micro-Niche (10-100),Transactional/Product-led,Venetian Plaster Tools,/tools/japanese-plaster-spatulas,Low
lime plaster spatula price guide,Medium (1k-5k),Commercial,Venetian Plaster Tools,/tools/venetian-plaster-trowels,Medium
how to clean lime plaster spatula,Low (100-1k),Informational,Venetian Plaster Tools,/guides/lime-plaster-care-waxing,Low
best lime plaster spatula for beginners,Medium (1k-5k),Informational,Venetian Plaster Tools,/tools,Medium
professional lime plaster spatula supplier,Medium (1k-5k),Commercial,Venetian Plaster Tools,/tools,Medium
buy lime plaster spatula online USA,Low (100-1k),Transactional/Product-led,Venetian Plaster Tools,/tools,Low
lime plaster spatula dimensions and specs,Micro-Niche (10-100),Informational,Venetian Plaster Tools,/tools,Low
imported Italian lime plaster spatula,Low (100-1k),Transactional/Product-led,Venetian Plaster Tools,/tools/venetian-plaster-trowels,Low
flexible blade lime plaster spatula review,Micro-Niche (10-100),Informational,Venetian Plaster Tools,/tools/japanese-plaster-spatulas,Low
lime plaster spatula maintenance and sharpening,Micro-Niche (10-100),Informational,Venetian Plaster Tools,/guides/lime-plaster-care-waxing,Low
lime plaster spatula replacement blades,Micro-Niche (10-100),Transactional/Product-led,Venetian Plaster Tools,/tools/japanese-plaster-spatulas,Low
trapezoid plastering blade price guide,Medium (1k-5k),Commercial,Venetian Plaster Tools,/tools/venetian-plaster-trowels,Medium
how to clean trapezoid plastering blade,Low (100-1k),Informational,Venetian Plaster Tools,/guides/lime-plaster-care-waxing,Low
best trapezoid plastering blade for beginners,Medium (1k-5k),Informational,Venetian Plaster Tools,/tools,Medium
professional trapezoid plastering blade supplier,Medium (1k-5k),Commercial,Venetian Plaster Tools,/tools,Medium
buy trapezoid plastering blade online USA,Low (100-1k),Transactional/Product-led,Venetian Plaster Tools,/tools,Low
trapezoid plastering blade dimensions and specs,Micro-Niche (10-100),Informational,Venetian Plaster Tools,/tools,Low
imported Italian trapezoid plastering blade,Low (100-1k),Transactional/Product-led,Venetian Plaster Tools,/tools/venetian-plaster-trowels,Low
flexible blade trapezoid plastering blade review,Micro-Niche (10-100),Informational,Venetian Plaster Tools,/tools/japanese-plaster-spatulas,Low
trapezoid plastering blade maintenance and sharpening,Micro-Niche (10-100),Informational,Venetian Plaster Tools,/guides/lime-plaster-care-waxing,Low
trapezoid plastering blade replacement blades,Micro-Niche (10-100),Transactional/Product-led,Venetian Plaster Tools,/tools/japanese-plaster-spatulas,Low
stainless steel plaster hawk price guide,Medium (1k-5k),Commercial,Venetian Plaster Tools,/tools/venetian-plaster-trowels,Medium
how to clean stainless steel plaster hawk,Low (100-1k),Informational,Venetian Plaster Tools,/guides/lime-plaster-care-waxing,Low
best stainless steel plaster hawk for beginners,Medium (1k-5k),Informational,Venetian Plaster Tools,/tools,Medium
professional stainless steel plaster hawk supplier,Medium (1k-5k),Commercial,Venetian Plaster Tools,/tools,Medium
buy stainless steel plaster hawk online USA,Low (100-1k),Transactional/Product-led,Venetian Plaster Tools,/tools,Low
stainless steel plaster hawk dimensions and specs,Micro-Niche (10-100),Informational,Venetian Plaster Tools,/tools,Low
imported Italian stainless steel plaster hawk,Low (100-1k),Transactional/Product-led,Venetian Plaster Tools,/tools/venetian-plaster-trowels,Low
flexible blade stainless steel plaster hawk review,Micro-Niche (10-100),Informational,Venetian Plaster Tools,/tools/japanese-plaster-spatulas,Low
stainless steel plaster hawk maintenance and sharpening,Micro-Niche (10-100),Informational,Venetian Plaster Tools,/guides/lime-plaster-care-waxing,Low
stainless steel plaster hawk replacement blades,Micro-Niche (10-100),Transactional/Product-led,Venetian Plaster Tools,/tools/japanese-plaster-spatulas,Low
lime putty scraper price guide,Medium (1k-5k),Commercial,Venetian Plaster Tools,/tools/venetian-plaster-trowels,Medium
how to clean lime putty scraper,Low (100-1k),Informational,Venetian Plaster Tools,/guides/lime-plaster-care-waxing,Low
best lime putty scraper for beginners,Medium (1k-5k),Informational,Venetian Plaster Tools,/tools,Medium
professional lime putty scraper supplier,Medium (1k-5k),Commercial,Venetian Plaster Tools,/tools,Medium
buy lime putty scraper online USA,Low (100-1k),Transactional/Product-led,Venetian Plaster Tools,/tools,Low
lime putty scraper dimensions and specs,Micro-Niche (10-100),Informational,Venetian Plaster Tools,/tools,Low
imported Italian lime putty scraper,Low (100-1k),Transactional/Product-led,Venetian Plaster Tools,/tools/venetian-plaster-trowels,Low
flexible blade lime putty scraper review,Micro-Niche (10-100),Informational,Venetian Plaster Tools,/tools/japanese-plaster-spatulas,Low
lime putty scraper maintenance and sharpening,Micro-Niche (10-100),Informational,Venetian Plaster Tools,/guides/lime-plaster-care-waxing,Low
lime putty scraper replacement blades,Micro-Niche (10-100),Transactional/Product-led,Venetian Plaster Tools,/tools/japanese-plaster-spatulas,Low
polished plaster trowel price guide,Medium (1k-5k),Commercial,Venetian Plaster Tools,/tools/venetian-plaster-trowels,Medium
how to clean polished plaster trowel,Low (100-1k),Informational,Venetian Plaster Tools,/guides/lime-plaster-care-waxing,Low
best polished plaster trowel for beginners,Medium (1k-5k),Informational,Venetian Plaster Tools,/tools,Medium
professional polished plaster trowel supplier,Medium (1k-5k),Commercial,Venetian Plaster Tools,/tools,Medium
buy polished plaster trowel online USA,Low (100-1k),Transactional/Product-led,Venetian Plaster Tools,/tools,Low
polished plaster trowel dimensions and specs,Micro-Niche (10-100),Informational,Venetian Plaster Tools,/tools,Low
imported Italian polished plaster trowel,Low (100-1k),Transactional/Product-led,Venetian Plaster Tools,/tools/venetian-plaster-trowels,Low
flexible blade polished plaster trowel review,Micro-Niche (10-100),Informational,Venetian Plaster Tools,/tools/japanese-plaster-spatulas,Low
polished plaster trowel maintenance and sharpening,Micro-Niche (10-100),Informational,Venetian Plaster Tools,/guides/lime-plaster-care-waxing,Low
polished plaster trowel replacement blades,Micro-Niche (10-100),Transactional/Product-led,Venetian Plaster Tools,/tools/japanese-plaster-spatulas,Low
corner plastering tool price guide,Medium (1k-5k),Commercial,Venetian Plaster Tools,/tools/venetian-plaster-trowels,Medium
how to clean corner plastering tool,Low (100-1k),Informational,Venetian Plaster Tools,/guides/lime-plaster-care-waxing,Low
best corner plastering tool for beginners,Medium (1k-5k),Informational,Venetian Plaster Tools,/tools,Medium
professional corner plastering tool supplier,Medium (1k-5k),Commercial,Venetian Plaster Tools,/tools,Medium
buy corner plastering tool online USA,Low (100-1k),Transactional/Product-led,Venetian Plaster Tools,/tools,Low
corner plastering tool dimensions and specs,Micro-Niche (10-100),Informational,Venetian Plaster Tools,/tools,Low
imported Italian corner plastering tool,Low (100-1k),Transactional/Product-led,Venetian Plaster Tools,/tools/venetian-plaster-trowels,Low
flexible blade corner plastering tool review,Micro-Niche (10-100),Informational,Venetian Plaster Tools,/tools/japanese-plaster-spatulas,Low
corner plastering tool maintenance and sharpening,Micro-Niche (10-100),Informational,Venetian Plaster Tools,/guides/lime-plaster-care-waxing,Low
corner plastering tool replacement blades,Micro-Niche (10-100),Transactional/Product-led,Venetian Plaster Tools,/tools/japanese-plaster-spatulas,Low
marmorino finishing trowel price guide,Medium (1k-5k),Commercial,Venetian Plaster Tools,/tools/venetian-plaster-trowels,Medium
how to clean marmorino finishing trowel,Low (100-1k),Informational,Venetian Plaster Tools,/guides/lime-plaster-care-waxing,Low
best marmorino finishing trowel for beginners,Medium (1k-5k),Informational,Venetian Plaster Tools,/tools,Medium
professional marmorino finishing trowel supplier,Medium (1k-5k),Commercial,Venetian Plaster Tools,/tools,Medium
buy marmorino finishing trowel online USA,Low (100-1k),Transactional/Product-led,Venetian Plaster Tools,/tools,Low
marmorino finishing trowel dimensions and specs,Micro-Niche (10-100),Informational,Venetian Plaster Tools,/tools,Low
imported Italian marmorino finishing trowel,Low (100-1k),Transactional/Product-led,Venetian Plaster Tools,/tools/venetian-plaster-trowels,Low
flexible blade marmorino finishing trowel review,Micro-Niche (10-100),Informational,Venetian Plaster Tools,/tools/japanese-plaster-spatulas,Low
marmorino finishing trowel maintenance and sharpening,Micro-Niche (10-100),Informational,Venetian Plaster Tools,/guides/lime-plaster-care-waxing,Low
marmorino finishing trowel replacement blades,Micro-Niche (10-100),Transactional/Product-led,Venetian Plaster Tools,/tools/japanese-plaster-spatulas,Low
microcement application blade price guide,Medium (1k-5k),Commercial,Venetian Plaster Tools,/tools/venetian-plaster-trowels,Medium
how to clean microcement application blade,Low (100-1k),Informational,Venetian Plaster Tools,/guides/lime-plaster-care-waxing,Low
best microcement application blade for beginners,Medium (1k-5k),Informational,Venetian Plaster Tools,/tools,Medium
professional microcement application blade supplier,Medium (1k-5k),Commercial,Venetian Plaster Tools,/tools,Medium
buy microcement application blade online USA,Low (100-1k),Transactional/Product-led,Venetian Plaster Tools,/tools,Low
microcement application blade dimensions and specs,Micro-Niche (10-100),Informational,Venetian Plaster Tools,/tools,Low
imported Italian microcement application blade,Low (100-1k),Transactional/Product-led,Venetian Plaster Tools,/tools/venetian-plaster-trowels,Low
flexible blade microcement application blade review,Micro-Niche (10-100),Informational,Venetian Plaster Tools,/tools/japanese-plaster-spatulas,Low
microcement application blade maintenance and sharpening,Micro-Niche (10-100),Informational,Venetian Plaster Tools,/guides/lime-plaster-care-waxing,Low
microcement application blade replacement blades,Micro-Niche (10-100),Transactional/Product-led,Venetian Plaster Tools,/tools/japanese-plaster-spatulas,Low
plaster burnishing pad price guide,Medium (1k-5k),Commercial,Venetian Plaster Tools,/tools/venetian-plaster-trowels,Medium
how to clean plaster burnishing pad,Low (100-1k),Informational,Venetian Plaster Tools,/guides/lime-plaster-care-waxing,Low
best plaster burnishing pad for beginners,Medium (1k-5k),Informational,Venetian Plaster Tools,/tools,Medium
professional plaster burnishing pad supplier,Medium (1k-5k),Commercial,Venetian Plaster Tools,/tools,Medium
buy plaster burnishing pad online USA,Low (100-1k),Transactional/Product-led,Venetian Plaster Tools,/tools,Low
plaster burnishing pad dimensions and specs,Micro-Niche (10-100),Informational,Venetian Plaster Tools,/tools,Low
imported Italian plaster burnishing pad,Low (100-1k),Transactional/Product-led,Venetian Plaster Tools,/tools/venetian-plaster-trowels,Low
flexible blade plaster burnishing pad review,Micro-Niche (10-100),Informational,Venetian Plaster Tools,/tools/japanese-plaster-spatulas,Low
plaster burnishing pad maintenance and sharpening,Micro-Niche (10-100),Informational,Venetian Plaster Tools,/guides/lime-plaster-care-waxing,Low
plaster burnishing pad replacement blades,Micro-Niche (10-100),Transactional/Product-led,Venetian Plaster Tools,/tools/japanese-plaster-spatulas,Low
decorative stucco trowel price guide,Medium (1k-5k),Commercial,Venetian Plaster Tools,/tools/venetian-plaster-trowels,Medium
how to clean decorative stucco trowel,Low (100-1k),Informational,Venetian Plaster Tools,/guides/lime-plaster-care-waxing,Low
best decorative stucco trowel for beginners,Medium (1k-5k),Informational,Venetian Plaster Tools,/tools,Medium
professional decorative stucco trowel supplier,Medium (1k-5k),Commercial,Venetian Plaster Tools,/tools,Medium
buy decorative stucco trowel online USA,Low (100-1k),Transactional/Product-led,Venetian Plaster Tools,/tools,Low
decorative stucco trowel dimensions and specs,Micro-Niche (10-100),Informational,Venetian Plaster Tools,/tools,Low
imported Italian decorative stucco trowel,Low (100-1k),Transactional/Product-led,Venetian Plaster Tools,/tools/venetian-plaster-trowels,Low
flexible blade decorative stucco trowel review,Micro-Niche (10-100),Informational,Venetian Plaster Tools,/tools/japanese-plaster-spatulas,Low
decorative stucco trowel maintenance and sharpening,Micro-Niche (10-100),Informational,Venetian Plaster Tools,/guides/lime-plaster-care-waxing,Low
decorative stucco trowel replacement blades,Micro-Niche (10-100),Transactional/Product-led,Venetian Plaster Tools,/tools/japanese-plaster-spatulas,Low
titanium burnishing tool price guide,Medium (1k-5k),Commercial,Venetian Plaster Tools,/tools/venetian-plaster-trowels,Medium
how to clean titanium burnishing tool,Low (100-1k),Informational,Venetian Plaster Tools,/guides/lime-plaster-care-waxing,Low
best titanium burnishing tool for beginners,Medium (1k-5k),Informational,Venetian Plaster Tools,/tools,Medium
professional titanium burnishing tool supplier,Medium (1k-5k),Commercial,Venetian Plaster Tools,/tools,Medium
buy titanium burnishing tool online USA,Low (100-1k),Transactional/Product-led,Venetian Plaster Tools,/tools,Low
titanium burnishing tool dimensions and specs,Micro-Niche (10-100),Informational,Venetian Plaster Tools,/tools,Low
imported Italian titanium burnishing tool,Low (100-1k),Transactional/Product-led,Venetian Plaster Tools,/tools/venetian-plaster-trowels,Low
flexible blade titanium burnishing tool review,Micro-Niche (10-100),Informational,Venetian Plaster Tools,/tools/japanese-plaster-spatulas,Low
titanium burnishing tool maintenance and sharpening,Micro-Niche (10-100),Informational,Venetian Plaster Tools,/guides/lime-plaster-care-waxing,Low
titanium burnishing tool replacement blades,Micro-Niche (10-100),Transactional/Product-led,Venetian Plaster Tools,/tools/japanese-plaster-spatulas,Low
wooden handle plaster trowel price guide,Medium (1k-5k),Commercial,Venetian Plaster Tools,/tools/venetian-plaster-trowels,Medium
how to clean wooden handle plaster trowel,Low (100-1k),Informational,Venetian Plaster Tools,/guides/lime-plaster-care-waxing,Low
best wooden handle plaster trowel for beginners,Medium (1k-5k),Informational,Venetian Plaster Tools,/tools,Medium
professional wooden handle plaster trowel supplier,Medium (1k-5k),Commercial,Venetian Plaster Tools,/tools,Medium
buy wooden handle plaster trowel online USA,Low (100-1k),Transactional/Product-led,Venetian Plaster Tools,/tools,Low
wooden handle plaster trowel dimensions and specs,Micro-Niche (10-100),Informational,Venetian Plaster Tools,/tools,Low
imported Italian wooden handle plaster trowel,Low (100-1k),Transactional/Product-led,Venetian Plaster Tools,/tools/venetian-plaster-trowels,Low
flexible blade wooden handle plaster trowel review,Micro-Niche (10-100),Informational,Venetian Plaster Tools,/tools/japanese-plaster-spatulas,Low
wooden handle plaster trowel maintenance and sharpening,Micro-Niche (10-100),Informational,Venetian Plaster Tools,/guides/lime-plaster-care-waxing,Low
wooden handle plaster trowel replacement blades,Micro-Niche (10-100),Transactional/Product-led,Venetian Plaster Tools,/tools/japanese-plaster-spatulas,Low
flexible steel spatula price guide,Medium (1k-5k),Commercial,Venetian Plaster Tools,/tools/venetian-plaster-trowels,Medium
how to clean flexible steel spatula,Low (100-1k),Informational,Venetian Plaster Tools,/guides/lime-plaster-care-waxing,Low
best flexible steel spatula for beginners,Medium (1k-5k),Informational,Venetian Plaster Tools,/tools,Medium
professional flexible steel spatula supplier,Medium (1k-5k),Commercial,Venetian Plaster Tools,/tools,Medium
buy flexible steel spatula online USA,Low (100-1k),Transactional/Product-led,Venetian Plaster Tools,/tools,Low
flexible steel spatula dimensions and specs,Micro-Niche (10-100),Informational,Venetian Plaster Tools,/tools,Low
imported Italian flexible steel spatula,Low (100-1k),Transactional/Product-led,Venetian Plaster Tools,/tools/venetian-plaster-trowels,Low
flexible blade flexible steel spatula review,Micro-Niche (10-100),Informational,Venetian Plaster Tools,/tools/japanese-plaster-spatulas,Low
flexible steel spatula maintenance and sharpening,Micro-Niche (10-100),Informational,Venetian Plaster Tools,/guides/lime-plaster-care-waxing,Low
flexible steel spatula replacement blades,Micro-Niche (10-100),Transactional/Product-led,Venetian Plaster Tools,/tools/japanese-plaster-spatulas,Low
lime mortar mixing paddle price guide,Medium (1k-5k),Commercial,Venetian Plaster Tools,/tools/venetian-plaster-trowels,Medium
how to clean lime mortar mixing paddle,Low (100-1k),Informational,Venetian Plaster Tools,/guides/lime-plaster-care-waxing,Low
best lime mortar mixing paddle for beginners,Medium (1k-5k),Informational,Venetian Plaster Tools,/tools,Medium
professional lime mortar mixing paddle supplier,Medium (1k-5k),Commercial,Venetian Plaster Tools,/tools,Medium
buy lime mortar mixing paddle online USA,Low (100-1k),Transactional/Product-led,Venetian Plaster Tools,/tools,Low
lime mortar mixing paddle dimensions and specs,Micro-Niche (10-100),Informational,Venetian Plaster Tools,/tools,Low
imported Italian lime mortar mixing paddle,Low (100-1k),Transactional/Product-led,Venetian Plaster Tools,/tools/venetian-plaster-trowels,Low
flexible blade lime mortar mixing paddle review,Micro-Niche (10-100),Informational,Venetian Plaster Tools,/tools/japanese-plaster-spatulas,Low
lime mortar mixing paddle maintenance and sharpening,Micro-Niche (10-100),Informational,Venetian Plaster Tools,/guides/lime-plaster-care-waxing,Low
lime mortar mixing paddle replacement blades,Micro-Niche (10-100),Transactional/Product-led,Venetian Plaster Tools,/tools/japanese-plaster-spatulas,Low
plaster wax polishing sponge price guide,Medium (1k-5k),Commercial,Venetian Plaster Tools,/tools/venetian-plaster-trowels,Medium
how to clean plaster wax polishing sponge,Low (100-1k),Informational,Venetian Plaster Tools,/guides/lime-plaster-care-waxing,Low
best plaster wax polishing sponge for beginners,Medium (1k-5k),Informational,Venetian Plaster Tools,/tools,Medium
professional plaster wax polishing sponge supplier,Medium (1k-5k),Commercial,Venetian Plaster Tools,/tools,Medium
buy plaster wax polishing sponge online USA,Low (100-1k),Transactional/Product-led,Venetian Plaster Tools,/tools,Low
plaster wax polishing sponge dimensions and specs,Micro-Niche (10-100),Informational,Venetian Plaster Tools,/tools,Low
imported Italian plaster wax polishing sponge,Low (100-1k),Transactional/Product-led,Venetian Plaster Tools,/tools/venetian-plaster-trowels,Low
flexible blade plaster wax polishing sponge review,Micro-Niche (10-100),Informational,Venetian Plaster Tools,/tools/japanese-plaster-spatulas,Low
plaster wax polishing sponge maintenance and sharpening,Micro-Niche (10-100),Informational,Venetian Plaster Tools,/guides/lime-plaster-care-waxing,Low
plaster wax polishing sponge replacement blades,Micro-Niche (10-100),Transactional/Product-led,Venetian Plaster Tools,/tools/japanese-plaster-spatulas,Low
notch squeegee microcement price guide,Medium (1k-5k),Commercial,Venetian Plaster Tools,/tools/venetian-plaster-trowels,Medium
how to clean notch squeegee microcement,Low (100-1k),Informational,Venetian Plaster Tools,/guides/lime-plaster-care-waxing,Low
best notch squeegee microcement for beginners,Medium (1k-5k),Informational,Venetian Plaster Tools,/tools,Medium
professional notch squeegee microcement supplier,Medium (1k-5k),Commercial,Venetian Plaster Tools,/tools,Medium
buy notch squeegee microcement online USA,Low (100-1k),Transactional/Product-led,Venetian Plaster Tools,/tools,Low
notch squeegee microcement dimensions and specs,Micro-Niche (10-100),Informational,Venetian Plaster Tools,/tools,Low
imported Italian notch squeegee microcement,Low (100-1k),Transactional/Product-led,Venetian Plaster Tools,/tools/venetian-plaster-trowels,Low
flexible blade notch squeegee microcement review,Micro-Niche (10-100),Informational,Venetian Plaster Tools,/tools/japanese-plaster-spatulas,Low
notch squeegee microcement maintenance and sharpening,Micro-Niche (10-100),Informational,Venetian Plaster Tools,/guides/lime-plaster-care-waxing,Low
notch squeegee microcement replacement blades,Micro-Niche (10-100),Transactional/Product-led,Venetian Plaster Tools,/tools/japanese-plaster-spatulas,Low
small detail trowel plaster price guide,Medium (1k-5k),Commercial,Venetian Plaster Tools,/tools/venetian-plaster-trowels,Medium
how to clean small detail trowel plaster,Low (100-1k),Informational,Venetian Plaster Tools,/guides/lime-plaster-care-waxing,Low
best small detail trowel plaster for beginners,Medium (1k-5k),Informational,Venetian Plaster Tools,/tools,Medium
professional small detail trowel plaster supplier,Medium (1k-5k),Commercial,Venetian Plaster Tools,/tools,Medium
buy small detail trowel plaster online USA,Low (100-1k),Transactional/Product-led,Venetian Plaster Tools,/tools,Low
small detail trowel plaster dimensions and specs,Micro-Niche (10-100),Informational,Venetian Plaster Tools,/tools,Low
imported Italian small detail trowel plaster,Low (100-1k),Transactional/Product-led,Venetian Plaster Tools,/tools/venetian-plaster-trowels,Low
flexible blade small detail trowel plaster review,Micro-Niche (10-100),Informational,Venetian Plaster Tools,/tools/japanese-plaster-spatulas,Low
small detail trowel plaster maintenance and sharpening,Micro-Niche (10-100),Informational,Venetian Plaster Tools,/guides/lime-plaster-care-waxing,Low
small detail trowel plaster replacement blades,Micro-Niche (10-100),Transactional/Product-led,Venetian Plaster Tools,/tools/japanese-plaster-spatulas,Low
plastering blade edge sharpener price guide,Medium (1k-5k),Commercial,Venetian Plaster Tools,/tools/venetian-plaster-trowels,Medium
how to clean plastering blade edge sharpener,Low (100-1k),Informational,Venetian Plaster Tools,/guides/lime-plaster-care-waxing,Low
best plastering blade edge sharpener for beginners,Medium (1k-5k),Informational,Venetian Plaster Tools,/tools,Medium
professional plastering blade edge sharpener supplier,Medium (1k-5k),Commercial,Venetian Plaster Tools,/tools,Medium
buy plastering blade edge sharpener online USA,Low (100-1k),Transactional/Product-led,Venetian Plaster Tools,/tools,Low
plastering blade edge sharpener dimensions and specs,Micro-Niche (10-100),Informational,Venetian Plaster Tools,/tools,Low
imported Italian plastering blade edge sharpener,Low (100-1k),Transactional/Product-led,Venetian Plaster Tools,/tools/venetian-plaster-trowels,Low
flexible blade plastering blade edge sharpener review,Micro-Niche (10-100),Informational,Venetian Plaster Tools,/tools/japanese-plaster-spatulas,Low
plastering blade edge sharpener maintenance and sharpening,Micro-Niche (10-100),Informational,Venetian Plaster Tools,/guides/lime-plaster-care-waxing,Low
plastering blade edge sharpener replacement blades,Micro-Niche (10-100),Transactional/Product-led,Venetian Plaster Tools,/tools/japanese-plaster-spatulas,Low
grassello di calce coverage rate per gallon,Medium (1k-5k),Informational,Italian Lime Plaster,/guides/how-to-apply-venetian-plaster,Medium
how to apply grassello di calce step by step,High (5k-50k),Informational,Italian Lime Plaster,/guides/how-to-apply-venetian-plaster,Medium
buy grassello di calce bucket online,Medium (1k-5k),Transactional/Product-led,Italian Lime Plaster,/products/lime-plaster,Medium
grassello di calce architectural specification,Low (100-1k),Commercial,Italian Lime Plaster,/products/lime-plaster,Low
grassello di calce colors and tinting guide,Medium (1k-5k),Informational,Italian Lime Plaster,/products/lime-plaster,Medium
grassello di calce drying time between coats,Low (100-1k),Informational,Italian Lime Plaster,/guides/how-to-apply-venetian-plaster,Low
grassello di calce vs acrylic plaster finish,Medium (1k-5k),Informational,Italian Lime Plaster,/guides/microcement-vs-venetian-plaster,Medium
grassello di calce eco friendly wall plaster,Low (100-1k),Commercial,Italian Lime Plaster,/products/lime-plaster,Low
grassello di calce fire safety rating and MSDS,Micro-Niche (10-100),Informational,Italian Lime Plaster,/products/lime-plaster,Low
custom tinting grassello di calce powder paste,Low (100-1k),Commercial,Italian Lime Plaster,/products/lime-plaster,Low
slaked lime plaster coverage rate per gallon,Medium (1k-5k),Informational,Italian Lime Plaster,/guides/how-to-apply-venetian-plaster,Medium
how to apply slaked lime plaster step by step,High (5k-50k),Informational,Italian Lime Plaster,/guides/how-to-apply-venetian-plaster,Medium
buy slaked lime plaster bucket online,Medium (1k-5k),Transactional/Product-led,Italian Lime Plaster,/products/lime-plaster,Medium
slaked lime plaster architectural specification,Low (100-1k),Commercial,Italian Lime Plaster,/products/lime-plaster,Low
slaked lime plaster colors and tinting guide,Medium (1k-5k),Informational,Italian Lime Plaster,/products/lime-plaster,Medium
slaked lime plaster drying time between coats,Low (100-1k),Informational,Italian Lime Plaster,/guides/how-to-apply-venetian-plaster,Low
slaked lime plaster vs acrylic plaster finish,Medium (1k-5k),Informational,Italian Lime Plaster,/guides/microcement-vs-venetian-plaster,Medium
slaked lime plaster eco friendly wall plaster,Low (100-1k),Commercial,Italian Lime Plaster,/products/lime-plaster,Low
slaked lime plaster fire safety rating and MSDS,Micro-Niche (10-100),Informational,Italian Lime Plaster,/products/lime-plaster,Low
custom tinting slaked lime plaster powder paste,Low (100-1k),Commercial,Italian Lime Plaster,/products/lime-plaster,Low
aged lime putty coverage rate per gallon,Medium (1k-5k),Informational,Italian Lime Plaster,/guides/how-to-apply-venetian-plaster,Medium
how to apply aged lime putty step by step,High (5k-50k),Informational,Italian Lime Plaster,/guides/how-to-apply-venetian-plaster,Medium
buy aged lime putty bucket online,Medium (1k-5k),Transactional/Product-led,Italian Lime Plaster,/products/lime-plaster,Medium
aged lime putty architectural specification,Low (100-1k),Commercial,Italian Lime Plaster,/products/lime-plaster,Low
aged lime putty colors and tinting guide,Medium (1k-5k),Informational,Italian Lime Plaster,/products/lime-plaster,Medium
aged lime putty drying time between coats,Low (100-1k),Informational,Italian Lime Plaster,/guides/how-to-apply-venetian-plaster,Low
aged lime putty vs acrylic plaster finish,Medium (1k-5k),Informational,Italian Lime Plaster,/guides/microcement-vs-venetian-plaster,Medium
aged lime putty eco friendly wall plaster,Low (100-1k),Commercial,Italian Lime Plaster,/products/lime-plaster,Low
aged lime putty fire safety rating and MSDS,Micro-Niche (10-100),Informational,Italian Lime Plaster,/products/lime-plaster,Low
custom tinting aged lime putty powder paste,Low (100-1k),Commercial,Italian Lime Plaster,/products/lime-plaster,Low
calce rasata coverage rate per gallon,Medium (1k-5k),Informational,Italian Lime Plaster,/guides/how-to-apply-venetian-plaster,Medium
how to apply calce rasata step by step,High (5k-50k),Informational,Italian Lime Plaster,/guides/how-to-apply-venetian-plaster,Medium
buy calce rasata bucket online,Medium (1k-5k),Transactional/Product-led,Italian Lime Plaster,/products/lime-plaster,Medium
calce rasata architectural specification,Low (100-1k),Commercial,Italian Lime Plaster,/products/lime-plaster,Low
calce rasata colors and tinting guide,Medium (1k-5k),Informational,Italian Lime Plaster,/products/lime-plaster,Medium
calce rasata drying time between coats,Low (100-1k),Informational,Italian Lime Plaster,/guides/how-to-apply-venetian-plaster,Low
calce rasata vs acrylic plaster finish,Medium (1k-5k),Informational,Italian Lime Plaster,/guides/microcement-vs-venetian-plaster,Medium
calce rasata eco friendly wall plaster,Low (100-1k),Commercial,Italian Lime Plaster,/products/lime-plaster,Low
calce rasata fire safety rating and MSDS,Micro-Niche (10-100),Informational,Italian Lime Plaster,/products/lime-plaster,Low
custom tinting calce rasata powder paste,Low (100-1k),Commercial,Italian Lime Plaster,/products/lime-plaster,Low
intonachino coarse coverage rate per gallon,Medium (1k-5k),Informational,Italian Lime Plaster,/guides/how-to-apply-venetian-plaster,Medium
how to apply intonachino coarse step by step,High (5k-50k),Informational,Italian Lime Plaster,/guides/how-to-apply-venetian-plaster,Medium
buy intonachino coarse bucket online,Medium (1k-5k),Transactional/Product-led,Italian Lime Plaster,/products/lime-plaster,Medium
intonachino coarse architectural specification,Low (100-1k),Commercial,Italian Lime Plaster,/products/lime-plaster,Low
intonachino coarse colors and tinting guide,Medium (1k-5k),Informational,Italian Lime Plaster,/products/lime-plaster,Medium
intonachino coarse drying time between coats,Low (100-1k),Informational,Italian Lime Plaster,/guides/how-to-apply-venetian-plaster,Low
intonachino coarse vs acrylic plaster finish,Medium (1k-5k),Informational,Italian Lime Plaster,/guides/microcement-vs-venetian-plaster,Medium
intonachino coarse eco friendly wall plaster,Low (100-1k),Commercial,Italian Lime Plaster,/products/lime-plaster,Low
intonachino coarse fire safety rating and MSDS,Micro-Niche (10-100),Informational,Italian Lime Plaster,/products/lime-plaster,Low
custom tinting intonachino coarse powder paste,Low (100-1k),Commercial,Italian Lime Plaster,/products/lime-plaster,Low
intonachino fine coverage rate per gallon,Medium (1k-5k),Informational,Italian Lime Plaster,/guides/how-to-apply-venetian-plaster,Medium
how to apply intonachino fine step by step,High (5k-50k),Informational,Italian Lime Plaster,/guides/how-to-apply-venetian-plaster,Medium
buy intonachino fine bucket online,Medium (1k-5k),Transactional/Product-led,Italian Lime Plaster,/products/lime-plaster,Medium
intonachino fine architectural specification,Low (100-1k),Commercial,Italian Lime Plaster,/products/lime-plaster,Low
intonachino fine colors and tinting guide,Medium (1k-5k),Informational,Italian Lime Plaster,/products/lime-plaster,Medium
intonachino fine drying time between coats,Low (100-1k),Informational,Italian Lime Plaster,/guides/how-to-apply-venetian-plaster,Low
intonachino fine vs acrylic plaster finish,Medium (1k-5k),Informational,Italian Lime Plaster,/guides/microcement-vs-venetian-plaster,Medium
intonachino fine eco friendly wall plaster,Low (100-1k),Commercial,Italian Lime Plaster,/products/lime-plaster,Low
intonachino fine fire safety rating and MSDS,Micro-Niche (10-100),Informational,Italian Lime Plaster,/products/lime-plaster,Low
custom tinting intonachino fine powder paste,Low (100-1k),Commercial,Italian Lime Plaster,/products/lime-plaster,Low
authentic Italian lime stucco coverage rate per gallon,Medium (1k-5k),Informational,Italian Lime Plaster,/guides/how-to-apply-venetian-plaster,Medium
how to apply authentic Italian lime stucco step by step,High (5k-50k),Informational,Italian Lime Plaster,/guides/how-to-apply-venetian-plaster,Medium
buy authentic Italian lime stucco bucket online,Medium (1k-5k),Transactional/Product-led,Italian Lime Plaster,/products/lime-plaster,Medium
authentic Italian lime stucco architectural specification,Low (100-1k),Commercial,Italian Lime Plaster,/products/lime-plaster,Low
authentic Italian lime stucco colors and tinting guide,Medium (1k-5k),Informational,Italian Lime Plaster,/products/lime-plaster,Medium
authentic Italian lime stucco drying time between coats,Low (100-1k),Informational,Italian Lime Plaster,/guides/how-to-apply-venetian-plaster,Low
authentic Italian lime stucco vs acrylic plaster finish,Medium (1k-5k),Informational,Italian Lime Plaster,/guides/microcement-vs-venetian-plaster,Medium
authentic Italian lime stucco eco friendly wall plaster,Low (100-1k),Commercial,Italian Lime Plaster,/products/lime-plaster,Low
authentic Italian lime stucco fire safety rating and MSDS,Micro-Niche (10-100),Informational,Italian Lime Plaster,/products/lime-plaster,Low
custom tinting authentic Italian lime stucco powder paste,Low (100-1k),Commercial,Italian Lime Plaster,/products/lime-plaster,Low
mineral lime wall finish coverage rate per gallon,Medium (1k-5k),Informational,Italian Lime Plaster,/guides/how-to-apply-venetian-plaster,Medium
how to apply mineral lime wall finish step by step,High (5k-50k),Informational,Italian Lime Plaster,/guides/how-to-apply-venetian-plaster,Medium
buy mineral lime wall finish bucket online,Medium (1k-5k),Transactional/Product-led,Italian Lime Plaster,/products/lime-plaster,Medium
mineral lime wall finish architectural specification,Low (100-1k),Commercial,Italian Lime Plaster,/products/lime-plaster,Low
mineral lime wall finish colors and tinting guide,Medium (1k-5k),Informational,Italian Lime Plaster,/products/lime-plaster,Medium
mineral lime wall finish drying time between coats,Low (100-1k),Informational,Italian Lime Plaster,/guides/how-to-apply-venetian-plaster,Low
mineral lime wall finish vs acrylic plaster finish,Medium (1k-5k),Informational,Italian Lime Plaster,/guides/microcement-vs-venetian-plaster,Medium
mineral lime wall finish eco friendly wall plaster,Low (100-1k),Commercial,Italian Lime Plaster,/products/lime-plaster,Low
mineral lime wall finish fire safety rating and MSDS,Micro-Niche (10-100),Informational,Italian Lime Plaster,/products/lime-plaster,Low
custom tinting mineral lime wall finish powder paste,Low (100-1k),Commercial,Italian Lime Plaster,/products/lime-plaster,Low
eco slaked lime plaster coverage rate per gallon,Medium (1k-5k),Informational,Italian Lime Plaster,/guides/how-to-apply-venetian-plaster,Medium
how to apply eco slaked lime plaster step by step,High (5k-50k),Informational,Italian Lime Plaster,/guides/how-to-apply-venetian-plaster,Medium
buy eco slaked lime plaster bucket online,Medium (1k-5k),Transactional/Product-led,Italian Lime Plaster,/products/lime-plaster,Medium
eco slaked lime plaster architectural specification,Low (100-1k),Commercial,Italian Lime Plaster,/products/lime-plaster,Low
eco slaked lime plaster colors and tinting guide,Medium (1k-5k),Informational,Italian Lime Plaster,/products/lime-plaster,Medium
eco slaked lime plaster drying time between coats,Low (100-1k),Informational,Italian Lime Plaster,/guides/how-to-apply-venetian-plaster,Low
eco slaked lime plaster vs acrylic plaster finish,Medium (1k-5k),Informational,Italian Lime Plaster,/guides/microcement-vs-venetian-plaster,Medium
eco slaked lime plaster eco friendly wall plaster,Low (100-1k),Commercial,Italian Lime Plaster,/products/lime-plaster,Low
eco slaked lime plaster fire safety rating and MSDS,Micro-Niche (10-100),Informational,Italian Lime Plaster,/products/lime-plaster,Low
custom tinting eco slaked lime plaster powder paste,Low (100-1k),Commercial,Italian Lime Plaster,/products/lime-plaster,Low
lime basecoat mortar coverage rate per gallon,Medium (1k-5k),Informational,Italian Lime Plaster,/guides/how-to-apply-venetian-plaster,Medium
how to apply lime basecoat mortar step by step,High (5k-50k),Informational,Italian Lime Plaster,/guides/how-to-apply-venetian-plaster,Medium
buy lime basecoat mortar bucket online,Medium (1k-5k),Transactional/Product-led,Italian Lime Plaster,/products/lime-plaster,Medium
lime basecoat mortar architectural specification,Low (100-1k),Commercial,Italian Lime Plaster,/products/lime-plaster,Low
lime basecoat mortar colors and tinting guide,Medium (1k-5k),Informational,Italian Lime Plaster,/products/lime-plaster,Medium
lime basecoat mortar drying time between coats,Low (100-1k),Informational,Italian Lime Plaster,/guides/how-to-apply-venetian-plaster,Low
lime basecoat mortar vs acrylic plaster finish,Medium (1k-5k),Informational,Italian Lime Plaster,/guides/microcement-vs-venetian-plaster,Medium
lime basecoat mortar eco friendly wall plaster,Low (100-1k),Commercial,Italian Lime Plaster,/products/lime-plaster,Low
lime basecoat mortar fire safety rating and MSDS,Micro-Niche (10-100),Informational,Italian Lime Plaster,/products/lime-plaster,Low
custom tinting lime basecoat mortar powder paste,Low (100-1k),Commercial,Italian Lime Plaster,/products/lime-plaster,Low
lime wash paint finish coverage rate per gallon,Medium (1k-5k),Informational,Italian Lime Plaster,/guides/how-to-apply-venetian-plaster,Medium
how to apply lime wash paint finish step by step,High (5k-50k),Informational,Italian Lime Plaster,/guides/how-to-apply-venetian-plaster,Medium
buy lime wash paint finish bucket online,Medium (1k-5k),Transactional/Product-led,Italian Lime Plaster,/products/lime-plaster,Medium
lime wash paint finish architectural specification,Low (100-1k),Commercial,Italian Lime Plaster,/products/lime-plaster,Low
lime wash paint finish colors and tinting guide,Medium (1k-5k),Informational,Italian Lime Plaster,/products/lime-plaster,Medium
lime wash paint finish drying time between coats,Low (100-1k),Informational,Italian Lime Plaster,/guides/how-to-apply-venetian-plaster,Low
lime wash paint finish vs acrylic plaster finish,Medium (1k-5k),Informational,Italian Lime Plaster,/guides/microcement-vs-venetian-plaster,Medium
lime wash paint finish eco friendly wall plaster,Low (100-1k),Commercial,Italian Lime Plaster,/products/lime-plaster,Low
lime wash paint finish fire safety rating and MSDS,Micro-Niche (10-100),Informational,Italian Lime Plaster,/products/lime-plaster,Low
custom tinting lime wash paint finish powder paste,Low (100-1k),Commercial,Italian Lime Plaster,/products/lime-plaster,Low
hydrated lime plaster coverage rate per gallon,Medium (1k-5k),Informational,Italian Lime Plaster,/guides/how-to-apply-venetian-plaster,Medium
how to apply hydrated lime plaster step by step,High (5k-50k),Informational,Italian Lime Plaster,/guides/how-to-apply-venetian-plaster,Medium
buy hydrated lime plaster bucket online,Medium (1k-5k),Transactional/Product-led,Italian Lime Plaster,/products/lime-plaster,Medium
hydrated lime plaster architectural specification,Low (100-1k),Commercial,Italian Lime Plaster,/products/lime-plaster,Low
hydrated lime plaster colors and tinting guide,Medium (1k-5k),Informational,Italian Lime Plaster,/products/lime-plaster,Medium
hydrated lime plaster drying time between coats,Low (100-1k),Informational,Italian Lime Plaster,/guides/how-to-apply-venetian-plaster,Low
hydrated lime plaster vs acrylic plaster finish,Medium (1k-5k),Informational,Italian Lime Plaster,/guides/microcement-vs-venetian-plaster,Medium
hydrated lime plaster eco friendly wall plaster,Low (100-1k),Commercial,Italian Lime Plaster,/products/lime-plaster,Low
hydrated lime plaster fire safety rating and MSDS,Micro-Niche (10-100),Informational,Italian Lime Plaster,/products/lime-plaster,Low
custom tinting hydrated lime plaster powder paste,Low (100-1k),Commercial,Italian Lime Plaster,/products/lime-plaster,Low
venetian lime plaster paste coverage rate per gallon,Medium (1k-5k),Informational,Italian Lime Plaster,/guides/how-to-apply-venetian-plaster,Medium
how to apply venetian lime plaster paste step by step,High (5k-50k),Informational,Italian Lime Plaster,/guides/how-to-apply-venetian-plaster,Medium
buy venetian lime plaster paste bucket online,Medium (1k-5k),Transactional/Product-led,Italian Lime Plaster,/products/lime-plaster,Medium
venetian lime plaster paste architectural specification,Low (100-1k),Commercial,Italian Lime Plaster,/products/lime-plaster,Low
venetian lime plaster paste colors and tinting guide,Medium (1k-5k),Informational,Italian Lime Plaster,/products/lime-plaster,Medium
venetian lime plaster paste drying time between coats,Low (100-1k),Informational,Italian Lime Plaster,/guides/how-to-apply-venetian-plaster,Low
venetian lime plaster paste vs acrylic plaster finish,Medium (1k-5k),Informational,Italian Lime Plaster,/guides/microcement-vs-venetian-plaster,Medium
venetian lime plaster paste eco friendly wall plaster,Low (100-1k),Commercial,Italian Lime Plaster,/products/lime-plaster,Low
venetian lime plaster paste fire safety rating and MSDS,Micro-Niche (10-100),Informational,Italian Lime Plaster,/products/lime-plaster,Low
custom tinting venetian lime plaster paste powder paste,Low (100-1k),Commercial,Italian Lime Plaster,/products/lime-plaster,Low
breathable lime wall plaster coverage rate per gallon,Medium (1k-5k),Informational,Italian Lime Plaster,/guides/how-to-apply-venetian-plaster,Medium
how to apply breathable lime wall plaster step by step,High (5k-50k),Informational,Italian Lime Plaster,/guides/how-to-apply-venetian-plaster,Medium
buy breathable lime wall plaster bucket online,Medium (1k-5k),Transactional/Product-led,Italian Lime Plaster,/products/lime-plaster,Medium
breathable lime wall plaster architectural specification,Low (100-1k),Commercial,Italian Lime Plaster,/products/lime-plaster,Low
breathable lime wall plaster colors and tinting guide,Medium (1k-5k),Informational,Italian Lime Plaster,/products/lime-plaster,Medium
breathable lime wall plaster drying time between coats,Low (100-1k),Informational,Italian Lime Plaster,/guides/how-to-apply-venetian-plaster,Low
breathable lime wall plaster vs acrylic plaster finish,Medium (1k-5k),Informational,Italian Lime Plaster,/guides/microcement-vs-venetian-plaster,Medium
breathable lime wall plaster eco friendly wall plaster,Low (100-1k),Commercial,Italian Lime Plaster,/products/lime-plaster,Low
breathable lime wall plaster fire safety rating and MSDS,Micro-Niche (10-100),Informational,Italian Lime Plaster,/products/lime-plaster,Low
custom tinting breathable lime wall plaster powder paste,Low (100-1k),Commercial,Italian Lime Plaster,/products/lime-plaster,Low
zero VOC lime stucco coverage rate per gallon,Medium (1k-5k),Informational,Italian Lime Plaster,/guides/how-to-apply-venetian-plaster,Medium
how to apply zero VOC lime stucco step by step,High (5k-50k),Informational,Italian Lime Plaster,/guides/how-to-apply-venetian-plaster,Medium
buy zero VOC lime stucco bucket online,Medium (1k-5k),Transactional/Product-led,Italian Lime Plaster,/products/lime-plaster,Medium
zero VOC lime stucco architectural specification,Low (100-1k),Commercial,Italian Lime Plaster,/products/lime-plaster,Low
zero VOC lime stucco colors and tinting guide,Medium (1k-5k),Informational,Italian Lime Plaster,/products/lime-plaster,Medium
zero VOC lime stucco drying time between coats,Low (100-1k),Informational,Italian Lime Plaster,/guides/how-to-apply-venetian-plaster,Low
zero VOC lime stucco vs acrylic plaster finish,Medium (1k-5k),Informational,Italian Lime Plaster,/guides/microcement-vs-venetian-plaster,Medium
zero VOC lime stucco eco friendly wall plaster,Low (100-1k),Commercial,Italian Lime Plaster,/products/lime-plaster,Low
zero VOC lime stucco fire safety rating and MSDS,Micro-Niche (10-100),Informational,Italian Lime Plaster,/products/lime-plaster,Low
custom tinting zero VOC lime stucco powder paste,Low (100-1k),Commercial,Italian Lime Plaster,/products/lime-plaster,Low
pit-aged 24 month lime coverage rate per gallon,Medium (1k-5k),Informational,Italian Lime Plaster,/guides/how-to-apply-venetian-plaster,Medium
how to apply pit-aged 24 month lime step by step,High (5k-50k),Informational,Italian Lime Plaster,/guides/how-to-apply-venetian-plaster,Medium
buy pit-aged 24 month lime bucket online,Medium (1k-5k),Transactional/Product-led,Italian Lime Plaster,/products/lime-plaster,Medium
pit-aged 24 month lime architectural specification,Low (100-1k),Commercial,Italian Lime Plaster,/products/lime-plaster,Low
pit-aged 24 month lime colors and tinting guide,Medium (1k-5k),Informational,Italian Lime Plaster,/products/lime-plaster,Medium
pit-aged 24 month lime drying time between coats,Low (100-1k),Informational,Italian Lime Plaster,/guides/how-to-apply-venetian-plaster,Low
pit-aged 24 month lime vs acrylic plaster finish,Medium (1k-5k),Informational,Italian Lime Plaster,/guides/microcement-vs-venetian-plaster,Medium
pit-aged 24 month lime eco friendly wall plaster,Low (100-1k),Commercial,Italian Lime Plaster,/products/lime-plaster,Low
pit-aged 24 month lime fire safety rating and MSDS,Micro-Niche (10-100),Informational,Italian Lime Plaster,/products/lime-plaster,Low
custom tinting pit-aged 24 month lime powder paste,Low (100-1k),Commercial,Italian Lime Plaster,/products/lime-plaster,Low
restoration lime plaster coverage rate per gallon,Medium (1k-5k),Informational,Italian Lime Plaster,/guides/how-to-apply-venetian-plaster,Medium
how to apply restoration lime plaster step by step,High (5k-50k),Informational,Italian Lime Plaster,/guides/how-to-apply-venetian-plaster,Medium
buy restoration lime plaster bucket online,Medium (1k-5k),Transactional/Product-led,Italian Lime Plaster,/products/lime-plaster,Medium
restoration lime plaster architectural specification,Low (100-1k),Commercial,Italian Lime Plaster,/products/lime-plaster,Low
restoration lime plaster colors and tinting guide,Medium (1k-5k),Informational,Italian Lime Plaster,/products/lime-plaster,Medium
restoration lime plaster drying time between coats,Low (100-1k),Informational,Italian Lime Plaster,/guides/how-to-apply-venetian-plaster,Low
restoration lime plaster vs acrylic plaster finish,Medium (1k-5k),Informational,Italian Lime Plaster,/guides/microcement-vs-venetian-plaster,Medium
restoration lime plaster eco friendly wall plaster,Low (100-1k),Commercial,Italian Lime Plaster,/products/lime-plaster,Low
restoration lime plaster fire safety rating and MSDS,Micro-Niche (10-100),Informational,Italian Lime Plaster,/products/lime-plaster,Low
custom tinting restoration lime plaster powder paste,Low (100-1k),Commercial,Italian Lime Plaster,/products/lime-plaster,Low
lime stucco tintable base coverage rate per gallon,Medium (1k-5k),Informational,Italian Lime Plaster,/guides/how-to-apply-venetian-plaster,Medium
how to apply lime stucco tintable base step by step,High (5k-50k),Informational,Italian Lime Plaster,/guides/how-to-apply-venetian-plaster,Medium
buy lime stucco tintable base bucket online,Medium (1k-5k),Transactional/Product-led,Italian Lime Plaster,/products/lime-plaster,Medium
lime stucco tintable base architectural specification,Low (100-1k),Commercial,Italian Lime Plaster,/products/lime-plaster,Low
lime stucco tintable base colors and tinting guide,Medium (1k-5k),Informational,Italian Lime Plaster,/products/lime-plaster,Medium
lime stucco tintable base drying time between coats,Low (100-1k),Informational,Italian Lime Plaster,/guides/how-to-apply-venetian-plaster,Low
lime stucco tintable base vs acrylic plaster finish,Medium (1k-5k),Informational,Italian Lime Plaster,/guides/microcement-vs-venetian-plaster,Medium
lime stucco tintable base eco friendly wall plaster,Low (100-1k),Commercial,Italian Lime Plaster,/products/lime-plaster,Low
lime stucco tintable base fire safety rating and MSDS,Micro-Niche (10-100),Informational,Italian Lime Plaster,/products/lime-plaster,Low
custom tinting lime stucco tintable base powder paste,Low (100-1k),Commercial,Italian Lime Plaster,/products/lime-plaster,Low
traditional Venetian lime putty coverage rate per gallon,Medium (1k-5k),Informational,Italian Lime Plaster,/guides/how-to-apply-venetian-plaster,Medium
how to apply traditional Venetian lime putty step by step,High (5k-50k),Informational,Italian Lime Plaster,/guides/how-to-apply-venetian-plaster,Medium
buy traditional Venetian lime putty bucket online,Medium (1k-5k),Transactional/Product-led,Italian Lime Plaster,/products/lime-plaster,Medium
traditional Venetian lime putty architectural specification,Low (100-1k),Commercial,Italian Lime Plaster,/products/lime-plaster,Low
traditional Venetian lime putty colors and tinting guide,Medium (1k-5k),Informational,Italian Lime Plaster,/products/lime-plaster,Medium
traditional Venetian lime putty drying time between coats,Low (100-1k),Informational,Italian Lime Plaster,/guides/how-to-apply-venetian-plaster,Low
traditional Venetian lime putty vs acrylic plaster finish,Medium (1k-5k),Informational,Italian Lime Plaster,/guides/microcement-vs-venetian-plaster,Medium
traditional Venetian lime putty eco friendly wall plaster,Low (100-1k),Commercial,Italian Lime Plaster,/products/lime-plaster,Low
traditional Venetian lime putty fire safety rating and MSDS,Micro-Niche (10-100),Informational,Italian Lime Plaster,/products/lime-plaster,Low
custom tinting traditional Venetian lime putty powder paste,Low (100-1k),Commercial,Italian Lime Plaster,/products/lime-plaster,Low
lime plaster topcoat smooth coverage rate per gallon,Medium (1k-5k),Informational,Italian Lime Plaster,/guides/how-to-apply-venetian-plaster,Medium
how to apply lime plaster topcoat smooth step by step,High (5k-50k),Informational,Italian Lime Plaster,/guides/how-to-apply-venetian-plaster,Medium
buy lime plaster topcoat smooth bucket online,Medium (1k-5k),Transactional/Product-led,Italian Lime Plaster,/products/lime-plaster,Medium
lime plaster topcoat smooth architectural specification,Low (100-1k),Commercial,Italian Lime Plaster,/products/lime-plaster,Low
lime plaster topcoat smooth colors and tinting guide,Medium (1k-5k),Informational,Italian Lime Plaster,/products/lime-plaster,Medium
lime plaster topcoat smooth drying time between coats,Low (100-1k),Informational,Italian Lime Plaster,/guides/how-to-apply-venetian-plaster,Low
lime plaster topcoat smooth vs acrylic plaster finish,Medium (1k-5k),Informational,Italian Lime Plaster,/guides/microcement-vs-venetian-plaster,Medium
lime plaster topcoat smooth eco friendly wall plaster,Low (100-1k),Commercial,Italian Lime Plaster,/products/lime-plaster,Low
lime plaster topcoat smooth fire safety rating and MSDS,Micro-Niche (10-100),Informational,Italian Lime Plaster,/products/lime-plaster,Low
custom tinting lime plaster topcoat smooth powder paste,Low (100-1k),Commercial,Italian Lime Plaster,/products/lime-plaster,Low
venetian plaster contractor in New York,Low (100-1k),Local B2C,Venetian Plaster Contractors,/services/local-venetian-plaster-applicators,Low
commercial venetian plaster contractor New York,Micro-Niche (10-100),Local B2B,Venetian Plaster Contractors,/services/commercial-venetian-plastering,Low
venetian plaster contractor in Los Angeles,Low (100-1k),Local B2C,Venetian Plaster Contractors,/services/local-venetian-plaster-applicators,Low
commercial venetian plaster contractor Los Angeles,Micro-Niche (10-100),Local B2B,Venetian Plaster Contractors,/services/commercial-venetian-plastering,Low
venetian plaster contractor in Miami,Low (100-1k),Local B2C,Venetian Plaster Contractors,/services/local-venetian-plaster-applicators,Low
commercial venetian plaster contractor Miami,Micro-Niche (10-100),Local B2B,Venetian Plaster Contractors,/services/commercial-venetian-plastering,Low
venetian plaster contractor in Chicago,Low (100-1k),Local B2C,Venetian Plaster Contractors,/services/local-venetian-plaster-applicators,Low
commercial venetian plaster contractor Chicago,Micro-Niche (10-100),Local B2B,Venetian Plaster Contractors,/services/commercial-venetian-plastering,Low
venetian plaster contractor in Houston,Low (100-1k),Local B2C,Venetian Plaster Contractors,/services/local-venetian-plaster-applicators,Low
commercial venetian plaster contractor Houston,Micro-Niche (10-100),Local B2B,Venetian Plaster Contractors,/services/commercial-venetian-plastering,Low
venetian plaster contractor in Phoenix,Low (100-1k),Local B2C,Venetian Plaster Contractors,/services/local-venetian-plaster-applicators,Low
commercial venetian plaster contractor Phoenix,Micro-Niche (10-100),Local B2B,Venetian Plaster Contractors,/services/commercial-venetian-plastering,Low
venetian plaster contractor in Philadelphia,Low (100-1k),Local B2C,Venetian Plaster Contractors,/services/local-venetian-plaster-applicators,Low
commercial venetian plaster contractor Philadelphia,Micro-Niche (10-100),Local B2B,Venetian Plaster Contractors,/services/commercial-venetian-plastering,Low
venetian plaster contractor in San Antonio,Low (100-1k),Local B2C,Venetian Plaster Contractors,/services/local-venetian-plaster-applicators,Low
commercial venetian plaster contractor San Antonio,Micro-Niche (10-100),Local B2B,Venetian Plaster Contractors,/services/commercial-venetian-plastering,Low
venetian plaster contractor in San Diego,Low (100-1k),Local B2C,Venetian Plaster Contractors,/services/local-venetian-plaster-applicators,Low
commercial venetian plaster contractor San Diego,Micro-Niche (10-100),Local B2B,Venetian Plaster Contractors,/services/commercial-venetian-plastering,Low
venetian plaster contractor in Dallas,Low (100-1k),Local B2C,Venetian Plaster Contractors,/services/local-venetian-plaster-applicators,Low
commercial venetian plaster contractor Dallas,Micro-Niche (10-100),Local B2B,Venetian Plaster Contractors,/services/commercial-venetian-plastering,Low
venetian plaster contractor in San Jose,Low (100-1k),Local B2C,Venetian Plaster Contractors,/services/local-venetian-plaster-applicators,Low
commercial venetian plaster contractor San Jose,Micro-Niche (10-100),Local B2B,Venetian Plaster Contractors,/services/commercial-venetian-plastering,Low
venetian plaster contractor in Austin,Low (100-1k),Local B2C,Venetian Plaster Contractors,/services/local-venetian-plaster-applicators,Low
commercial venetian plaster contractor Austin,Micro-Niche (10-100),Local B2B,Venetian Plaster Contractors,/services/commercial-venetian-plastering,Low
venetian plaster contractor in Jacksonville,Low (100-1k),Local B2C,Venetian Plaster Contractors,/services/local-venetian-plaster-applicators,Low
commercial venetian plaster contractor Jacksonville,Micro-Niche (10-100),Local B2B,Venetian Plaster Contractors,/services/commercial-venetian-plastering,Low
venetian plaster contractor in San Francisco,Low (100-1k),Local B2C,Venetian Plaster Contractors,/services/local-venetian-plaster-applicators,Low
commercial venetian plaster contractor San Francisco,Micro-Niche (10-100),Local B2B,Venetian Plaster Contractors,/services/commercial-venetian-plastering,Low
venetian plaster contractor in Columbus,Low (100-1k),Local B2C,Venetian Plaster Contractors,/services/local-venetian-plaster-applicators,Low
commercial venetian plaster contractor Columbus,Micro-Niche (10-100),Local B2B,Venetian Plaster Contractors,/services/commercial-venetian-plastering,Low
venetian plaster contractor in Fort Worth,Low (100-1k),Local B2C,Venetian Plaster Contractors,/services/local-venetian-plaster-applicators,Low
commercial venetian plaster contractor Fort Worth,Micro-Niche (10-100),Local B2B,Venetian Plaster Contractors,/services/commercial-venetian-plastering,Low
venetian plaster contractor in Indianapolis,Low (100-1k),Local B2C,Venetian Plaster Contractors,/services/local-venetian-plaster-applicators,Low
commercial venetian plaster contractor Indianapolis,Micro-Niche (10-100),Local B2B,Venetian Plaster Contractors,/services/commercial-venetian-plastering,Low
venetian plaster contractor in Charlotte,Low (100-1k),Local B2C,Venetian Plaster Contractors,/services/local-venetian-plaster-applicators,Low
commercial venetian plaster contractor Charlotte,Micro-Niche (10-100),Local B2B,Venetian Plaster Contractors,/services/commercial-venetian-plastering,Low
venetian plaster contractor in Seattle,Low (100-1k),Local B2C,Venetian Plaster Contractors,/services/local-venetian-plaster-applicators,Low
commercial venetian plaster contractor Seattle,Micro-Niche (10-100),Local B2B,Venetian Plaster Contractors,/services/commercial-venetian-plastering,Low
venetian plaster contractor in Denver,Low (100-1k),Local B2C,Venetian Plaster Contractors,/services/local-venetian-plaster-applicators,Low
commercial venetian plaster contractor Denver,Micro-Niche (10-100),Local B2B,Venetian Plaster Contractors,/services/commercial-venetian-plastering,Low
venetian plaster contractor in Washington DC,Low (100-1k),Local B2C,Venetian Plaster Contractors,/services/local-venetian-plaster-applicators,Low
commercial venetian plaster contractor Washington DC,Micro-Niche (10-100),Local B2B,Venetian Plaster Contractors,/services/commercial-venetian-plastering,Low
venetian plaster contractor in Boston,Low (100-1k),Local B2C,Venetian Plaster Contractors,/services/local-venetian-plaster-applicators,Low
commercial venetian plaster contractor Boston,Micro-Niche (10-100),Local B2B,Venetian Plaster Contractors,/services/commercial-venetian-plastering,Low
venetian plaster contractor in El Paso,Low (100-1k),Local B2C,Venetian Plaster Contractors,/services/local-venetian-plaster-applicators,Low
commercial venetian plaster contractor El Paso,Micro-Niche (10-100),Local B2B,Venetian Plaster Contractors,/services/commercial-venetian-plastering,Low
venetian plaster contractor in Nashville,Low (100-1k),Local B2C,Venetian Plaster Contractors,/services/local-venetian-plaster-applicators,Low
commercial venetian plaster contractor Nashville,Micro-Niche (10-100),Local B2B,Venetian Plaster Contractors,/services/commercial-venetian-plastering,Low
venetian plaster contractor in Detroit,Low (100-1k),Local B2C,Venetian Plaster Contractors,/services/local-venetian-plaster-applicators,Low
commercial venetian plaster contractor Detroit,Micro-Niche (10-100),Local B2B,Venetian Plaster Contractors,/services/commercial-venetian-plastering,Low
venetian plaster contractor in Oklahoma City,Low (100-1k),Local B2C,Venetian Plaster Contractors,/services/local-venetian-plaster-applicators,Low
commercial venetian plaster contractor Oklahoma City,Micro-Niche (10-100),Local B2B,Venetian Plaster Contractors,/services/commercial-venetian-plastering,Low
venetian plaster contractor in Portland,Low (100-1k),Local B2C,Venetian Plaster Contractors,/services/local-venetian-plaster-applicators,Low
commercial venetian plaster contractor Portland,Micro-Niche (10-100),Local B2B,Venetian Plaster Contractors,/services/commercial-venetian-plastering,Low
venetian plaster contractor in Las Vegas,Low (100-1k),Local B2C,Venetian Plaster Contractors,/services/local-venetian-plaster-applicators,Low
commercial venetian plaster contractor Las Vegas,Micro-Niche (10-100),Local B2B,Venetian Plaster Contractors,/services/commercial-venetian-plastering,Low
venetian plaster contractor in Memphis,Low (100-1k),Local B2C,Venetian Plaster Contractors,/services/local-venetian-plaster-applicators,Low
commercial venetian plaster contractor Memphis,Micro-Niche (10-100),Local B2B,Venetian Plaster Contractors,/services/commercial-venetian-plastering,Low
venetian plaster contractor in Louisville,Low (100-1k),Local B2C,Venetian Plaster Contractors,/services/local-venetian-plaster-applicators,Low
commercial venetian plaster contractor Louisville,Micro-Niche (10-100),Local B2B,Venetian Plaster Contractors,/services/commercial-venetian-plastering,Low
venetian plaster contractor in Baltimore,Low (100-1k),Local B2C,Venetian Plaster Contractors,/services/local-venetian-plaster-applicators,Low
commercial venetian plaster contractor Baltimore,Micro-Niche (10-100),Local B2B,Venetian Plaster Contractors,/services/commercial-venetian-plastering,Low
venetian plaster contractor in Milwaukee,Low (100-1k),Local B2C,Venetian Plaster Contractors,/services/local-venetian-plaster-applicators,Low
commercial venetian plaster contractor Milwaukee,Micro-Niche (10-100),Local B2B,Venetian Plaster Contractors,/services/commercial-venetian-plastering,Low
venetian plaster contractor in Albuquerque,Low (100-1k),Local B2C,Venetian Plaster Contractors,/services/local-venetian-plaster-applicators,Low
commercial venetian plaster contractor Albuquerque,Micro-Niche (10-100),Local B2B,Venetian Plaster Contractors,/services/commercial-venetian-plastering,Low
venetian plaster contractor in Tucson,Low (100-1k),Local B2C,Venetian Plaster Contractors,/services/local-venetian-plaster-applicators,Low
commercial venetian plaster contractor Tucson,Micro-Niche (10-100),Local B2B,Venetian Plaster Contractors,/services/commercial-venetian-plastering,Low
venetian plaster contractor in Fresno,Low (100-1k),Local B2C,Venetian Plaster Contractors,/services/local-venetian-plaster-applicators,Low
commercial venetian plaster contractor Fresno,Micro-Niche (10-100),Local B2B,Venetian Plaster Contractors,/services/commercial-venetian-plastering,Low
venetian plaster contractor in Sacramento,Low (100-1k),Local B2C,Venetian Plaster Contractors,/services/local-venetian-plaster-applicators,Low
commercial venetian plaster contractor Sacramento,Micro-Niche (10-100),Local B2B,Venetian Plaster Contractors,/services/commercial-venetian-plastering,Low
venetian plaster contractor in Mesa,Low (100-1k),Local B2C,Venetian Plaster Contractors,/services/local-venetian-plaster-applicators,Low
commercial venetian plaster contractor Mesa,Micro-Niche (10-100),Local B2B,Venetian Plaster Contractors,/services/commercial-venetian-plastering,Low
venetian plaster contractor in Kansas City,Low (100-1k),Local B2C,Venetian Plaster Contractors,/services/local-venetian-plaster-applicators,Low
commercial venetian plaster contractor Kansas City,Micro-Niche (10-100),Local B2B,Venetian Plaster Contractors,/services/commercial-venetian-plastering,Low
venetian plaster contractor in Atlanta,Low (100-1k),Local B2C,Venetian Plaster Contractors,/services/local-venetian-plaster-applicators,Low
commercial venetian plaster contractor Atlanta,Micro-Niche (10-100),Local B2B,Venetian Plaster Contractors,/services/commercial-venetian-plastering,Low
venetian plaster contractor in Omaha,Low (100-1k),Local B2C,Venetian Plaster Contractors,/services/local-venetian-plaster-applicators,Low
commercial venetian plaster contractor Omaha,Micro-Niche (10-100),Local B2B,Venetian Plaster Contractors,/services/commercial-venetian-plastering,Low
venetian plaster contractor in Colorado Springs,Low (100-1k),Local B2C,Venetian Plaster Contractors,/services/local-venetian-plaster-applicators,Low
commercial venetian plaster contractor Colorado Springs,Micro-Niche (10-100),Local B2B,Venetian Plaster Contractors,/services/commercial-venetian-plastering,Low
venetian plaster contractor in Raleigh,Low (100-1k),Local B2C,Venetian Plaster Contractors,/services/local-venetian-plaster-applicators,Low
commercial venetian plaster contractor Raleigh,Micro-Niche (10-100),Local B2B,Venetian Plaster Contractors,/services/commercial-venetian-plastering,Low
artisan plaster installer in New York,Low (100-1k),Local B2C,Venetian Plaster Contractors,/services/local-venetian-plaster-applicators,Low
commercial artisan plaster installer New York,Micro-Niche (10-100),Local B2B,Venetian Plaster Contractors,/services/commercial-venetian-plastering,Low
artisan plaster installer in Los Angeles,Low (100-1k),Local B2C,Venetian Plaster Contractors,/services/local-venetian-plaster-applicators,Low
commercial artisan plaster installer Los Angeles,Micro-Niche (10-100),Local B2B,Venetian Plaster Contractors,/services/commercial-venetian-plastering,Low
artisan plaster installer in Miami,Low (100-1k),Local B2C,Venetian Plaster Contractors,/services/local-venetian-plaster-applicators,Low
commercial artisan plaster installer Miami,Micro-Niche (10-100),Local B2B,Venetian Plaster Contractors,/services/commercial-venetian-plastering,Low
artisan plaster installer in Chicago,Low (100-1k),Local B2C,Venetian Plaster Contractors,/services/local-venetian-plaster-applicators,Low
commercial artisan plaster installer Chicago,Micro-Niche (10-100),Local B2B,Venetian Plaster Contractors,/services/commercial-venetian-plastering,Low
artisan plaster installer in Houston,Low (100-1k),Local B2C,Venetian Plaster Contractors,/services/local-venetian-plaster-applicators,Low
commercial artisan plaster installer Houston,Micro-Niche (10-100),Local B2B,Venetian Plaster Contractors,/services/commercial-venetian-plastering,Low
artisan plaster installer in Phoenix,Low (100-1k),Local B2C,Venetian Plaster Contractors,/services/local-venetian-plaster-applicators,Low
commercial artisan plaster installer Phoenix,Micro-Niche (10-100),Local B2B,Venetian Plaster Contractors,/services/commercial-venetian-plastering,Low
artisan plaster installer in Philadelphia,Low (100-1k),Local B2C,Venetian Plaster Contractors,/services/local-venetian-plaster-applicators,Low
commercial artisan plaster installer Philadelphia,Micro-Niche (10-100),Local B2B,Venetian Plaster Contractors,/services/commercial-venetian-plastering,Low
artisan plaster installer in San Antonio,Low (100-1k),Local B2C,Venetian Plaster Contractors,/services/local-venetian-plaster-applicators,Low
commercial artisan plaster installer San Antonio,Micro-Niche (10-100),Local B2B,Venetian Plaster Contractors,/services/commercial-venetian-plastering,Low
artisan plaster installer in San Diego,Low (100-1k),Local B2C,Venetian Plaster Contractors,/services/local-venetian-plaster-applicators,Low
commercial artisan plaster installer San Diego,Micro-Niche (10-100),Local B2B,Venetian Plaster Contractors,/services/commercial-venetian-plastering,Low
artisan plaster installer in Dallas,Low (100-1k),Local B2C,Venetian Plaster Contractors,/services/local-venetian-plaster-applicators,Low
commercial artisan plaster installer Dallas,Micro-Niche (10-100),Local B2B,Venetian Plaster Contractors,/services/commercial-venetian-plastering,Low
artisan plaster installer in San Jose,Low (100-1k),Local B2C,Venetian Plaster Contractors,/services/local-venetian-plaster-applicators,Low
commercial artisan plaster installer San Jose,Micro-Niche (10-100),Local B2B,Venetian Plaster Contractors,/services/commercial-venetian-plastering,Low
artisan plaster installer in Austin,Low (100-1k),Local B2C,Venetian Plaster Contractors,/services/local-venetian-plaster-applicators,Low
commercial artisan plaster installer Austin,Micro-Niche (10-100),Local B2B,Venetian Plaster Contractors,/services/commercial-venetian-plastering,Low
artisan plaster installer in Jacksonville,Low (100-1k),Local B2C,Venetian Plaster Contractors,/services/local-venetian-plaster-applicators,Low
commercial artisan plaster installer Jacksonville,Micro-Niche (10-100),Local B2B,Venetian Plaster Contractors,/services/commercial-venetian-plastering,Low
artisan plaster installer in San Francisco,Low (100-1k),Local B2C,Venetian Plaster Contractors,/services/local-venetian-plaster-applicators,Low
commercial artisan plaster installer San Francisco,Micro-Niche (10-100),Local B2B,Venetian Plaster Contractors,/services/commercial-venetian-plastering,Low
artisan plaster installer in Columbus,Low (100-1k),Local B2C,Venetian Plaster Contractors,/services/local-venetian-plaster-applicators,Low
commercial artisan plaster installer Columbus,Micro-Niche (10-100),Local B2B,Venetian Plaster Contractors,/services/commercial-venetian-plastering,Low
artisan plaster installer in Fort Worth,Low (100-1k),Local B2C,Venetian Plaster Contractors,/services/local-venetian-plaster-applicators,Low
commercial artisan plaster installer Fort Worth,Micro-Niche (10-100),Local B2B,Venetian Plaster Contractors,/services/commercial-venetian-plastering,Low
artisan plaster installer in Indianapolis,Low (100-1k),Local B2C,Venetian Plaster Contractors,/services/local-venetian-plaster-applicators,Low
commercial artisan plaster installer Indianapolis,Micro-Niche (10-100),Local B2B,Venetian Plaster Contractors,/services/commercial-venetian-plastering,Low
artisan plaster installer in Charlotte,Low (100-1k),Local B2C,Venetian Plaster Contractors,/services/local-venetian-plaster-applicators,Low
commercial artisan plaster installer Charlotte,Micro-Niche (10-100),Local B2B,Venetian Plaster Contractors,/services/commercial-venetian-plastering,Low
artisan plaster installer in Seattle,Low (100-1k),Local B2C,Venetian Plaster Contractors,/services/local-venetian-plaster-applicators,Low
commercial artisan plaster installer Seattle,Micro-Niche (10-100),Local B2B,Venetian Plaster Contractors,/services/commercial-venetian-plastering,Low
artisan plaster installer in Denver,Low (100-1k),Local B2C,Venetian Plaster Contractors,/services/local-venetian-plaster-applicators,Low
commercial artisan plaster installer Denver,Micro-Niche (10-100),Local B2B,Venetian Plaster Contractors,/services/commercial-venetian-plastering,Low
artisan plaster installer in Washington DC,Low (100-1k),Local B2C,Venetian Plaster Contractors,/services/local-venetian-plaster-applicators,Low
commercial artisan plaster installer Washington DC,Micro-Niche (10-100),Local B2B,Venetian Plaster Contractors,/services/commercial-venetian-plastering,Low
artisan plaster installer in Boston,Low (100-1k),Local B2C,Venetian Plaster Contractors,/services/local-venetian-plaster-applicators,Low
commercial artisan plaster installer Boston,Micro-Niche (10-100),Local B2B,Venetian Plaster Contractors,/services/commercial-venetian-plastering,Low
artisan plaster installer in El Paso,Low (100-1k),Local B2C,Venetian Plaster Contractors,/services/local-venetian-plaster-applicators,Low
commercial artisan plaster installer El Paso,Micro-Niche (10-100),Local B2B,Venetian Plaster Contractors,/services/commercial-venetian-plastering,Low
artisan plaster installer in Nashville,Low (100-1k),Local B2C,Venetian Plaster Contractors,/services/local-venetian-plaster-applicators,Low
commercial artisan plaster installer Nashville,Micro-Niche (10-100),Local B2B,Venetian Plaster Contractors,/services/commercial-venetian-plastering,Low
artisan plaster installer in Detroit,Low (100-1k),Local B2C,Venetian Plaster Contractors,/services/local-venetian-plaster-applicators,Low
commercial artisan plaster installer Detroit,Micro-Niche (10-100),Local B2B,Venetian Plaster Contractors,/services/commercial-venetian-plastering,Low
artisan plaster installer in Oklahoma City,Low (100-1k),Local B2C,Venetian Plaster Contractors,/services/local-venetian-plaster-applicators,Low
commercial artisan plaster installer Oklahoma City,Micro-Niche (10-100),Local B2B,Venetian Plaster Contractors,/services/commercial-venetian-plastering,Low
artisan plaster installer in Portland,Low (100-1k),Local B2C,Venetian Plaster Contractors,/services/local-venetian-plaster-applicators,Low
commercial artisan plaster installer Portland,Micro-Niche (10-100),Local B2B,Venetian Plaster Contractors,/services/commercial-venetian-plastering,Low
artisan plaster installer in Las Vegas,Low (100-1k),Local B2C,Venetian Plaster Contractors,/services/local-venetian-plaster-applicators,Low
commercial artisan plaster installer Las Vegas,Micro-Niche (10-100),Local B2B,Venetian Plaster Contractors,/services/commercial-venetian-plastering,Low
artisan plaster installer in Memphis,Low (100-1k),Local B2C,Venetian Plaster Contractors,/services/local-venetian-plaster-applicators,Low
commercial artisan plaster installer Memphis,Micro-Niche (10-100),Local B2B,Venetian Plaster Contractors,/services/commercial-venetian-plastering,Low
artisan plaster installer in Louisville,Low (100-1k),Local B2C,Venetian Plaster Contractors,/services/local-venetian-plaster-applicators,Low
commercial artisan plaster installer Louisville,Micro-Niche (10-100),Local B2B,Venetian Plaster Contractors,/services/commercial-venetian-plastering,Low
artisan plaster installer in Baltimore,Low (100-1k),Local B2C,Venetian Plaster Contractors,/services/local-venetian-plaster-applicators,Low
commercial artisan plaster installer Baltimore,Micro-Niche (10-100),Local B2B,Venetian Plaster Contractors,/services/commercial-venetian-plastering,Low
artisan plaster installer in Milwaukee,Low (100-1k),Local B2C,Venetian Plaster Contractors,/services/local-venetian-plaster-applicators,Low
commercial artisan plaster installer Milwaukee,Micro-Niche (10-100),Local B2B,Venetian Plaster Contractors,/services/commercial-venetian-plastering,Low
artisan plaster installer in Albuquerque,Low (100-1k),Local B2C,Venetian Plaster Contractors,/services/local-venetian-plaster-applicators,Low
commercial artisan plaster installer Albuquerque,Micro-Niche (10-100),Local B2B,Venetian Plaster Contractors,/services/commercial-venetian-plastering,Low
artisan plaster installer in Tucson,Low (100-1k),Local B2C,Venetian Plaster Contractors,/services/local-venetian-plaster-applicators,Low
commercial artisan plaster installer Tucson,Micro-Niche (10-100),Local B2B,Venetian Plaster Contractors,/services/commercial-venetian-plastering,Low
artisan plaster installer in Fresno,Low (100-1k),Local B2C,Venetian Plaster Contractors,/services/local-venetian-plaster-applicators,Low
commercial artisan plaster installer Fresno,Micro-Niche (10-100),Local B2B,Venetian Plaster Contractors,/services/commercial-venetian-plastering,Low
artisan plaster installer in Sacramento,Low (100-1k),Local B2C,Venetian Plaster Contractors,/services/local-venetian-plaster-applicators,Low
commercial artisan plaster installer Sacramento,Micro-Niche (10-100),Local B2B,Venetian Plaster Contractors,/services/commercial-venetian-plastering,Low
artisan plaster installer in Mesa,Low (100-1k),Local B2C,Venetian Plaster Contractors,/services/local-venetian-plaster-applicators,Low
commercial artisan plaster installer Mesa,Micro-Niche (10-100),Local B2B,Venetian Plaster Contractors,/services/commercial-venetian-plastering,Low
artisan plaster installer in Kansas City,Low (100-1k),Local B2C,Venetian Plaster Contractors,/services/local-venetian-plaster-applicators,Low
commercial artisan plaster installer Kansas City,Micro-Niche (10-100),Local B2B,Venetian Plaster Contractors,/services/commercial-venetian-plastering,Low
artisan plaster installer in Atlanta,Low (100-1k),Local B2C,Venetian Plaster Contractors,/services/local-venetian-plaster-applicators,Low
commercial artisan plaster installer Atlanta,Micro-Niche (10-100),Local B2B,Venetian Plaster Contractors,/services/commercial-venetian-plastering,Low
artisan plaster installer in Omaha,Low (100-1k),Local B2C,Venetian Plaster Contractors,/services/local-venetian-plaster-applicators,Low
commercial artisan plaster installer Omaha,Micro-Niche (10-100),Local B2B,Venetian Plaster Contractors,/services/commercial-venetian-plastering,Low
artisan plaster installer in Colorado Springs,Low (100-1k),Local B2C,Venetian Plaster Contractors,/services/local-venetian-plaster-applicators,Low
commercial artisan plaster installer Colorado Springs,Micro-Niche (10-100),Local B2B,Venetian Plaster Contractors,/services/commercial-venetian-plastering,Low
artisan plaster installer in Raleigh,Low (100-1k),Local B2C,Venetian Plaster Contractors,/services/local-venetian-plaster-applicators,Low
commercial artisan plaster installer Raleigh,Micro-Niche (10-100),Local B2B,Venetian Plaster Contractors,/services/commercial-venetian-plastering,Low
luxury wall finish specialist in New York,Low (100-1k),Local B2C,Venetian Plaster Contractors,/services/local-venetian-plaster-applicators,Low
commercial luxury wall finish specialist New York,Micro-Niche (10-100),Local B2B,Venetian Plaster Contractors,/services/commercial-venetian-plastering,Low
luxury wall finish specialist in Los Angeles,Low (100-1k),Local B2C,Venetian Plaster Contractors,/services/local-venetian-plaster-applicators,Low
commercial luxury wall finish specialist Los Angeles,Micro-Niche (10-100),Local B2B,Venetian Plaster Contractors,/services/commercial-venetian-plastering,Low
luxury wall finish specialist in Miami,Low (100-1k),Local B2C,Venetian Plaster Contractors,/services/local-venetian-plaster-applicators,Low
commercial luxury wall finish specialist Miami,Micro-Niche (10-100),Local B2B,Venetian Plaster Contractors,/services/commercial-venetian-plastering,Low
luxury wall finish specialist in Chicago,Low (100-1k),Local B2C,Venetian Plaster Contractors,/services/local-venetian-plaster-applicators,Low
commercial luxury wall finish specialist Chicago,Micro-Niche (10-100),Local B2B,Venetian Plaster Contractors,/services/commercial-venetian-plastering,Low
luxury wall finish specialist in Houston,Low (100-1k),Local B2C,Venetian Plaster Contractors,/services/local-venetian-plaster-applicators,Low
commercial luxury wall finish specialist Houston,Micro-Niche (10-100),Local B2B,Venetian Plaster Contractors,/services/commercial-venetian-plastering,Low
luxury wall finish specialist in Phoenix,Low (100-1k),Local B2C,Venetian Plaster Contractors,/services/local-venetian-plaster-applicators,Low
commercial luxury wall finish specialist Phoenix,Micro-Niche (10-100),Local B2B,Venetian Plaster Contractors,/services/commercial-venetian-plastering,Low
luxury wall finish specialist in Philadelphia,Low (100-1k),Local B2C,Venetian Plaster Contractors,/services/local-venetian-plaster-applicators,Low
commercial luxury wall finish specialist Philadelphia,Micro-Niche (10-100),Local B2B,Venetian Plaster Contractors,/services/commercial-venetian-plastering,Low
luxury wall finish specialist in San Antonio,Low (100-1k),Local B2C,Venetian Plaster Contractors,/services/local-venetian-plaster-applicators,Low
commercial luxury wall finish specialist San Antonio,Micro-Niche (10-100),Local B2B,Venetian Plaster Contractors,/services/commercial-venetian-plastering,Low
luxury wall finish specialist in San Diego,Low (100-1k),Local B2C,Venetian Plaster Contractors,/services/local-venetian-plaster-applicators,Low
commercial luxury wall finish specialist San Diego,Micro-Niche (10-100),Local B2B,Venetian Plaster Contractors,/services/commercial-venetian-plastering,Low
luxury wall finish specialist in Dallas,Low (100-1k),Local B2C,Venetian Plaster Contractors,/services/local-venetian-plaster-applicators,Low
commercial luxury wall finish specialist Dallas,Micro-Niche (10-100),Local B2B,Venetian Plaster Contractors,/services/commercial-venetian-plastering,Low
luxury wall finish specialist in San Jose,Low (100-1k),Local B2C,Venetian Plaster Contractors,/services/local-venetian-plaster-applicators,Low
commercial luxury wall finish specialist San Jose,Micro-Niche (10-100),Local B2B,Venetian Plaster Contractors,/services/commercial-venetian-plastering,Low
luxury wall finish specialist in Austin,Low (100-1k),Local B2C,Venetian Plaster Contractors,/services/local-venetian-plaster-applicators,Low
commercial luxury wall finish specialist Austin,Micro-Niche (10-100),Local B2B,Venetian Plaster Contractors,/services/commercial-venetian-plastering,Low
luxury wall finish specialist in Jacksonville,Low (100-1k),Local B2C,Venetian Plaster Contractors,/services/local-venetian-plaster-applicators,Low
commercial luxury wall finish specialist Jacksonville,Micro-Niche (10-100),Local B2B,Venetian Plaster Contractors,/services/commercial-venetian-plastering,Low
luxury wall finish specialist in San Francisco,Low (100-1k),Local B2C,Venetian Plaster Contractors,/services/local-venetian-plaster-applicators,Low
commercial luxury wall finish specialist San Francisco,Micro-Niche (10-100),Local B2B,Venetian Plaster Contractors,/services/commercial-venetian-plastering,Low
luxury wall finish specialist in Columbus,Low (100-1k),Local B2C,Venetian Plaster Contractors,/services/local-venetian-plaster-applicators,Low
commercial luxury wall finish specialist Columbus,Micro-Niche (10-100),Local B2B,Venetian Plaster Contractors,/services/commercial-venetian-plastering,Low
luxury wall finish specialist in Fort Worth,Low (100-1k),Local B2C,Venetian Plaster Contractors,/services/local-venetian-plaster-applicators,Low
commercial luxury wall finish specialist Fort Worth,Micro-Niche (10-100),Local B2B,Venetian Plaster Contractors,/services/commercial-venetian-plastering,Low
luxury wall finish specialist in Indianapolis,Low (100-1k),Local B2C,Venetian Plaster Contractors,/services/local-venetian-plaster-applicators,Low
commercial luxury wall finish specialist Indianapolis,Micro-Niche (10-100),Local B2B,Venetian Plaster Contractors,/services/commercial-venetian-plastering,Low
luxury wall finish specialist in Charlotte,Low (100-1k),Local B2C,Venetian Plaster Contractors,/services/local-venetian-plaster-applicators,Low
commercial luxury wall finish specialist Charlotte,Micro-Niche (10-100),Local B2B,Venetian Plaster Contractors,/services/commercial-venetian-plastering,Low
luxury wall finish specialist in Seattle,Low (100-1k),Local B2C,Venetian Plaster Contractors,/services/local-venetian-plaster-applicators,Low
commercial luxury wall finish specialist Seattle,Micro-Niche (10-100),Local B2B,Venetian Plaster Contractors,/services/commercial-venetian-plastering,Low
luxury wall finish specialist in Denver,Low (100-1k),Local B2C,Venetian Plaster Contractors,/services/local-venetian-plaster-applicators,Low
commercial luxury wall finish specialist Denver,Micro-Niche (10-100),Local B2B,Venetian Plaster Contractors,/services/commercial-venetian-plastering,Low
luxury wall finish specialist in Washington DC,Low (100-1k),Local B2C,Venetian Plaster Contractors,/services/local-venetian-plaster-applicators,Low
commercial luxury wall finish specialist Washington DC,Micro-Niche (10-100),Local B2B,Venetian Plaster Contractors,/services/commercial-venetian-plastering,Low
luxury wall finish specialist in Boston,Low (100-1k),Local B2C,Venetian Plaster Contractors,/services/local-venetian-plaster-applicators,Low
commercial luxury wall finish specialist Boston,Micro-Niche (10-100),Local B2B,Venetian Plaster Contractors,/services/commercial-venetian-plastering,Low
luxury wall finish specialist in El Paso,Low (100-1k),Local B2C,Venetian Plaster Contractors,/services/local-venetian-plaster-applicators,Low
commercial luxury wall finish specialist El Paso,Micro-Niche (10-100),Local B2B,Venetian Plaster Contractors,/services/commercial-venetian-plastering,Low
luxury wall finish specialist in Nashville,Low (100-1k),Local B2C,Venetian Plaster Contractors,/services/local-venetian-plaster-applicators,Low
commercial luxury wall finish specialist Nashville,Micro-Niche (10-100),Local B2B,Venetian Plaster Contractors,/services/commercial-venetian-plastering,Low
luxury wall finish specialist in Detroit,Low (100-1k),Local B2C,Venetian Plaster Contractors,/services/local-venetian-plaster-applicators,Low
commercial luxury wall finish specialist Detroit,Micro-Niche (10-100),Local B2B,Venetian Plaster Contractors,/services/commercial-venetian-plastering,Low
luxury wall finish specialist in Oklahoma City,Low (100-1k),Local B2C,Venetian Plaster Contractors,/services/local-venetian-plaster-applicators,Low
commercial luxury wall finish specialist Oklahoma City,Micro-Niche (10-100),Local B2B,Venetian Plaster Contractors,/services/commercial-venetian-plastering,Low
luxury wall finish specialist in Portland,Low (100-1k),Local B2C,Venetian Plaster Contractors,/services/local-venetian-plaster-applicators,Low
commercial luxury wall finish specialist Portland,Micro-Niche (10-100),Local B2B,Venetian Plaster Contractors,/services/commercial-venetian-plastering,Low
luxury wall finish specialist in Las Vegas,Low (100-1k),Local B2C,Venetian Plaster Contractors,/services/local-venetian-plaster-applicators,Low
commercial luxury wall finish specialist Las Vegas,Micro-Niche (10-100),Local B2B,Venetian Plaster Contractors,/services/commercial-venetian-plastering,Low
luxury wall finish specialist in Memphis,Low (100-1k),Local B2C,Venetian Plaster Contractors,/services/local-venetian-plaster-applicators,Low
commercial luxury wall finish specialist Memphis,Micro-Niche (10-100),Local B2B,Venetian Plaster Contractors,/services/commercial-venetian-plastering,Low
luxury wall finish specialist in Louisville,Low (100-1k),Local B2C,Venetian Plaster Contractors,/services/local-venetian-plaster-applicators,Low
commercial luxury wall finish specialist Louisville,Micro-Niche (10-100),Local B2B,Venetian Plaster Contractors,/services/commercial-venetian-plastering,Low
luxury wall finish specialist in Baltimore,Low (100-1k),Local B2C,Venetian Plaster Contractors,/services/local-venetian-plaster-applicators,Low
commercial luxury wall finish specialist Baltimore,Micro-Niche (10-100),Local B2B,Venetian Plaster Contractors,/services/commercial-venetian-plastering,Low
luxury wall finish specialist in Milwaukee,Low (100-1k),Local B2C,Venetian Plaster Contractors,/services/local-venetian-plaster-applicators,Low
commercial luxury wall finish specialist Milwaukee,Micro-Niche (10-100),Local B2B,Venetian Plaster Contractors,/services/commercial-venetian-plastering,Low
luxury wall finish specialist in Albuquerque,Low (100-1k),Local B2C,Venetian Plaster Contractors,/services/local-venetian-plaster-applicators,Low
commercial luxury wall finish specialist Albuquerque,Micro-Niche (10-100),Local B2B,Venetian Plaster Contractors,/services/commercial-venetian-plastering,Low
luxury wall finish specialist in Tucson,Low (100-1k),Local B2C,Venetian Plaster Contractors,/services/local-venetian-plaster-applicators,Low
commercial luxury wall finish specialist Tucson,Micro-Niche (10-100),Local B2B,Venetian Plaster Contractors,/services/commercial-venetian-plastering,Low
luxury wall finish specialist in Fresno,Low (100-1k),Local B2C,Venetian Plaster Contractors,/services/local-venetian-plaster-applicators,Low
commercial luxury wall finish specialist Fresno,Micro-Niche (10-100),Local B2B,Venetian Plaster Contractors,/services/commercial-venetian-plastering,Low
luxury wall finish specialist in Sacramento,Low (100-1k),Local B2C,Venetian Plaster Contractors,/services/local-venetian-plaster-applicators,Low
commercial luxury wall finish specialist Sacramento,Micro-Niche (10-100),Local B2B,Venetian Plaster Contractors,/services/commercial-venetian-plastering,Low
luxury wall finish specialist in Mesa,Low (100-1k),Local B2C,Venetian Plaster Contractors,/services/local-venetian-plaster-applicators,Low
commercial luxury wall finish specialist Mesa,Micro-Niche (10-100),Local B2B,Venetian Plaster Contractors,/services/commercial-venetian-plastering,Low
luxury wall finish specialist in Kansas City,Low (100-1k),Local B2C,Venetian Plaster Contractors,/services/local-venetian-plaster-applicators,Low
commercial luxury wall finish specialist Kansas City,Micro-Niche (10-100),Local B2B,Venetian Plaster Contractors,/services/commercial-venetian-plastering,Low
luxury wall finish specialist in Atlanta,Low (100-1k),Local B2C,Venetian Plaster Contractors,/services/local-venetian-plaster-applicators,Low
commercial luxury wall finish specialist Atlanta,Micro-Niche (10-100),Local B2B,Venetian Plaster Contractors,/services/commercial-venetian-plastering,Low
luxury wall finish specialist in Omaha,Low (100-1k),Local B2C,Venetian Plaster Contractors,/services/local-venetian-plaster-applicators,Low
commercial luxury wall finish specialist Omaha,Micro-Niche (10-100),Local B2B,Venetian Plaster Contractors,/services/commercial-venetian-plastering,Low
luxury wall finish specialist in Colorado Springs,Low (100-1k),Local B2C,Venetian Plaster Contractors,/services/local-venetian-plaster-applicators,Low
commercial luxury wall finish specialist Colorado Springs,Micro-Niche (10-100),Local B2B,Venetian Plaster Contractors,/services/commercial-venetian-plastering,Low
luxury wall finish specialist in Raleigh,Low (100-1k),Local B2C,Venetian Plaster Contractors,/services/local-venetian-plaster-applicators,Low
commercial luxury wall finish specialist Raleigh,Micro-Niche (10-100),Local B2B,Venetian Plaster Contractors,/services/commercial-venetian-plastering,Low
commercial plastering company in New York,Low (100-1k),Local B2C,Venetian Plaster Contractors,/services/local-venetian-plaster-applicators,Low
commercial commercial plastering company New York,Micro-Niche (10-100),Local B2B,Venetian Plaster Contractors,/services/commercial-venetian-plastering,Low
commercial plastering company in Los Angeles,Low (100-1k),Local B2C,Venetian Plaster Contractors,/services/local-venetian-plaster-applicators,Low
commercial commercial plastering company Los Angeles,Micro-Niche (10-100),Local B2B,Venetian Plaster Contractors,/services/commercial-venetian-plastering,Low
commercial plastering company in Miami,Low (100-1k),Local B2C,Venetian Plaster Contractors,/services/local-venetian-plaster-applicators,Low
commercial commercial plastering company Miami,Micro-Niche (10-100),Local B2B,Venetian Plaster Contractors,/services/commercial-venetian-plastering,Low
commercial plastering company in Chicago,Low (100-1k),Local B2C,Venetian Plaster Contractors,/services/local-venetian-plaster-applicators,Low
commercial commercial plastering company Chicago,Micro-Niche (10-100),Local B2B,Venetian Plaster Contractors,/services/commercial-venetian-plastering,Low
commercial plastering company in Houston,Low (100-1k),Local B2C,Venetian Plaster Contractors,/services/local-venetian-plaster-applicators,Low
commercial commercial plastering company Houston,Micro-Niche (10-100),Local B2B,Venetian Plaster Contractors,/services/commercial-venetian-plastering,Low
commercial plastering company in Phoenix,Low (100-1k),Local B2C,Venetian Plaster Contractors,/services/local-venetian-plaster-applicators,Low
commercial commercial plastering company Phoenix,Micro-Niche (10-100),Local B2B,Venetian Plaster Contractors,/services/commercial-venetian-plastering,Low
commercial plastering company in Philadelphia,Low (100-1k),Local B2C,Venetian Plaster Contractors,/services/local-venetian-plaster-applicators,Low
commercial commercial plastering company Philadelphia,Micro-Niche (10-100),Local B2B,Venetian Plaster Contractors,/services/commercial-venetian-plastering,Low
commercial plastering company in San Antonio,Low (100-1k),Local B2C,Venetian Plaster Contractors,/services/local-venetian-plaster-applicators,Low
commercial commercial plastering company San Antonio,Micro-Niche (10-100),Local B2B,Venetian Plaster Contractors,/services/commercial-venetian-plastering,Low
commercial plastering company in San Diego,Low (100-1k),Local B2C,Venetian Plaster Contractors,/services/local-venetian-plaster-applicators,Low
commercial commercial plastering company San Diego,Micro-Niche (10-100),Local B2B,Venetian Plaster Contractors,/services/commercial-venetian-plastering,Low
commercial plastering company in Dallas,Low (100-1k),Local B2C,Venetian Plaster Contractors,/services/local-venetian-plaster-applicators,Low
commercial commercial plastering company Dallas,Micro-Niche (10-100),Local B2B,Venetian Plaster Contractors,/services/commercial-venetian-plastering,Low
commercial plastering company in San Jose,Low (100-1k),Local B2C,Venetian Plaster Contractors,/services/local-venetian-plaster-applicators,Low
commercial commercial plastering company San Jose,Micro-Niche (10-100),Local B2B,Venetian Plaster Contractors,/services/commercial-venetian-plastering,Low
commercial plastering company in Austin,Low (100-1k),Local B2C,Venetian Plaster Contractors,/services/local-venetian-plaster-applicators,Low
commercial commercial plastering company Austin,Micro-Niche (10-100),Local B2B,Venetian Plaster Contractors,/services/commercial-venetian-plastering,Low
commercial plastering company in Jacksonville,Low (100-1k),Local B2C,Venetian Plaster Contractors,/services/local-venetian-plaster-applicators,Low
commercial commercial plastering company Jacksonville,Micro-Niche (10-100),Local B2B,Venetian Plaster Contractors,/services/commercial-venetian-plastering,Low
commercial plastering company in San Francisco,Low (100-1k),Local B2C,Venetian Plaster Contractors,/services/local-venetian-plaster-applicators,Low
commercial commercial plastering company San Francisco,Micro-Niche (10-100),Local B2B,Venetian Plaster Contractors,/services/commercial-venetian-plastering,Low
commercial plastering company in Columbus,Low (100-1k),Local B2C,Venetian Plaster Contractors,/services/local-venetian-plaster-applicators,Low
commercial commercial plastering company Columbus,Micro-Niche (10-100),Local B2B,Venetian Plaster Contractors,/services/commercial-venetian-plastering,Low
commercial plastering company in Fort Worth,Low (100-1k),Local B2C,Venetian Plaster Contractors,/services/local-venetian-plaster-applicators,Low
commercial commercial plastering company Fort Worth,Micro-Niche (10-100),Local B2B,Venetian Plaster Contractors,/services/commercial-venetian-plastering,Low
commercial plastering company in Indianapolis,Low (100-1k),Local B2C,Venetian Plaster Contractors,/services/local-venetian-plaster-applicators,Low
commercial commercial plastering company Indianapolis,Micro-Niche (10-100),Local B2B,Venetian Plaster Contractors,/services/commercial-venetian-plastering,Low
commercial plastering company in Charlotte,Low (100-1k),Local B2C,Venetian Plaster Contractors,/services/local-venetian-plaster-applicators,Low
commercial commercial plastering company Charlotte,Micro-Niche (10-100),Local B2B,Venetian Plaster Contractors,/services/commercial-venetian-plastering,Low
commercial plastering company in Seattle,Low (100-1k),Local B2C,Venetian Plaster Contractors,/services/local-venetian-plaster-applicators,Low
commercial commercial plastering company Seattle,Micro-Niche (10-100),Local B2B,Venetian Plaster Contractors,/services/commercial-venetian-plastering,Low
commercial plastering company in Denver,Low (100-1k),Local B2C,Venetian Plaster Contractors,/services/local-venetian-plaster-applicators,Low
commercial commercial plastering company Denver,Micro-Niche (10-100),Local B2B,Venetian Plaster Contractors,/services/commercial-venetian-plastering,Low
commercial plastering company in Washington DC,Low (100-1k),Local B2C,Venetian Plaster Contractors,/services/local-venetian-plaster-applicators,Low
commercial commercial plastering company Washington DC,Micro-Niche (10-100),Local B2B,Venetian Plaster Contractors,/services/commercial-venetian-plastering,Low
commercial plastering company in Boston,Low (100-1k),Local B2C,Venetian Plaster Contractors,/services/local-venetian-plaster-applicators,Low
commercial commercial plastering company Boston,Micro-Niche (10-100),Local B2B,Venetian Plaster Contractors,/services/commercial-venetian-plastering,Low
commercial plastering company in El Paso,Low (100-1k),Local B2C,Venetian Plaster Contractors,/services/local-venetian-plaster-applicators,Low
commercial commercial plastering company El Paso,Micro-Niche (10-100),Local B2B,Venetian Plaster Contractors,/services/commercial-venetian-plastering,Low
commercial plastering company in Nashville,Low (100-1k),Local B2C,Venetian Plaster Contractors,/services/local-venetian-plaster-applicators,Low
commercial commercial plastering company Nashville,Micro-Niche (10-100),Local B2B,Venetian Plaster Contractors,/services/commercial-venetian-plastering,Low
commercial plastering company in Detroit,Low (100-1k),Local B2C,Venetian Plaster Contractors,/services/local-venetian-plaster-applicators,Low
commercial commercial plastering company Detroit,Micro-Niche (10-100),Local B2B,Venetian Plaster Contractors,/services/commercial-venetian-plastering,Low
commercial plastering company in Oklahoma City,Low (100-1k),Local B2C,Venetian Plaster Contractors,/services/local-venetian-plaster-applicators,Low
commercial commercial plastering company Oklahoma City,Micro-Niche (10-100),Local B2B,Venetian Plaster Contractors,/services/commercial-venetian-plastering,Low
commercial plastering company in Portland,Low (100-1k),Local B2C,Venetian Plaster Contractors,/services/local-venetian-plaster-applicators,Low
commercial commercial plastering company Portland,Micro-Niche (10-100),Local B2B,Venetian Plaster Contractors,/services/commercial-venetian-plastering,Low
commercial plastering company in Las Vegas,Low (100-1k),Local B2C,Venetian Plaster Contractors,/services/local-venetian-plaster-applicators,Low
commercial commercial plastering company Las Vegas,Micro-Niche (10-100),Local B2B,Venetian Plaster Contractors,/services/commercial-venetian-plastering,Low
commercial plastering company in Memphis,Low (100-1k),Local B2C,Venetian Plaster Contractors,/services/local-venetian-plaster-applicators,Low
commercial commercial plastering company Memphis,Micro-Niche (10-100),Local B2B,Venetian Plaster Contractors,/services/commercial-venetian-plastering,Low
commercial plastering company in Louisville,Low (100-1k),Local B2C,Venetian Plaster Contractors,/services/local-venetian-plaster-applicators,Low
commercial commercial plastering company Louisville,Micro-Niche (10-100),Local B2B,Venetian Plaster Contractors,/services/commercial-venetian-plastering,Low
commercial plastering company in Baltimore,Low (100-1k),Local B2C,Venetian Plaster Contractors,/services/local-venetian-plaster-applicators,Low
commercial commercial plastering company Baltimore,Micro-Niche (10-100),Local B2B,Venetian Plaster Contractors,/services/commercial-venetian-plastering,Low
commercial plastering company in Milwaukee,Low (100-1k),Local B2C,Venetian Plaster Contractors,/services/local-venetian-plaster-applicators,Low
commercial commercial plastering company Milwaukee,Micro-Niche (10-100),Local B2B,Venetian Plaster Contractors,/services/commercial-venetian-plastering,Low
commercial plastering company in Albuquerque,Low (100-1k),Local B2C,Venetian Plaster Contractors,/services/local-venetian-plaster-applicators,Low
commercial commercial plastering company Albuquerque,Micro-Niche (10-100),Local B2B,Venetian Plaster Contractors,/services/commercial-venetian-plastering,Low
commercial plastering company in Tucson,Low (100-1k),Local B2C,Venetian Plaster Contractors,/services/local-venetian-plaster-applicators,Low
commercial commercial plastering company Tucson,Micro-Niche (10-100),Local B2B,Venetian Plaster Contractors,/services/commercial-venetian-plastering,Low
commercial plastering company in Fresno,Low (100-1k),Local B2C,Venetian Plaster Contractors,/services/local-venetian-plaster-applicators,Low
commercial commercial plastering company Fresno,Micro-Niche (10-100),Local B2B,Venetian Plaster Contractors,/services/commercial-venetian-plastering,Low
commercial plastering company in Sacramento,Low (100-1k),Local B2C,Venetian Plaster Contractors,/services/local-venetian-plaster-applicators,Low
commercial commercial plastering company Sacramento,Micro-Niche (10-100),Local B2B,Venetian Plaster Contractors,/services/commercial-venetian-plastering,Low
commercial plastering company in Mesa,Low (100-1k),Local B2C,Venetian Plaster Contractors,/services/local-venetian-plaster-applicators,Low
commercial commercial plastering company Mesa,Micro-Niche (10-100),Local B2B,Venetian Plaster Contractors,/services/commercial-venetian-plastering,Low
commercial plastering company in Kansas City,Low (100-1k),Local B2C,Venetian Plaster Contractors,/services/local-venetian-plaster-applicators,Low
commercial commercial plastering company Kansas City,Micro-Niche (10-100),Local B2B,Venetian Plaster Contractors,/services/commercial-venetian-plastering,Low
commercial plastering company in Atlanta,Low (100-1k),Local B2C,Venetian Plaster Contractors,/services/local-venetian-plaster-applicators,Low
commercial commercial plastering company Atlanta,Micro-Niche (10-100),Local B2B,Venetian Plaster Contractors,/services/commercial-venetian-plastering,Low
commercial plastering company in Omaha,Low (100-1k),Local B2C,Venetian Plaster Contractors,/services/local-venetian-plaster-applicators,Low
commercial commercial plastering company Omaha,Micro-Niche (10-100),Local B2B,Venetian Plaster Contractors,/services/commercial-venetian-plastering,Low
commercial plastering company in Colorado Springs,Low (100-1k),Local B2C,Venetian Plaster Contractors,/services/local-venetian-plaster-applicators,Low
commercial commercial plastering company Colorado Springs,Micro-Niche (10-100),Local B2B,Venetian Plaster Contractors,/services/commercial-venetian-plastering,Low
commercial plastering company in Raleigh,Low (100-1k),Local B2C,Venetian Plaster Contractors,/services/local-venetian-plaster-applicators,Low
commercial commercial plastering company Raleigh,Micro-Niche (10-100),Local B2B,Venetian Plaster Contractors,/services/commercial-venetian-plastering,Low
residential decorative plasterer in New York,Low (100-1k),Local B2C,Venetian Plaster Contractors,/services/local-venetian-plaster-applicators,Low
commercial residential decorative plasterer New York,Micro-Niche (10-100),Local B2B,Venetian Plaster Contractors,/services/commercial-venetian-plastering,Low
residential decorative plasterer in Los Angeles,Low (100-1k),Local B2C,Venetian Plaster Contractors,/services/local-venetian-plaster-applicators,Low
commercial residential decorative plasterer Los Angeles,Micro-Niche (10-100),Local B2B,Venetian Plaster Contractors,/services/commercial-venetian-plastering,Low
residential decorative plasterer in Miami,Low (100-1k),Local B2C,Venetian Plaster Contractors,/services/local-venetian-plaster-applicators,Low
commercial residential decorative plasterer Miami,Micro-Niche (10-100),Local B2B,Venetian Plaster Contractors,/services/commercial-venetian-plastering,Low
residential decorative plasterer in Chicago,Low (100-1k),Local B2C,Venetian Plaster Contractors,/services/local-venetian-plaster-applicators,Low
commercial residential decorative plasterer Chicago,Micro-Niche (10-100),Local B2B,Venetian Plaster Contractors,/services/commercial-venetian-plastering,Low
residential decorative plasterer in Houston,Low (100-1k),Local B2C,Venetian Plaster Contractors,/services/local-venetian-plaster-applicators,Low
commercial residential decorative plasterer Houston,Micro-Niche (10-100),Local B2B,Venetian Plaster Contractors,/services/commercial-venetian-plastering,Low
residential decorative plasterer in Phoenix,Low (100-1k),Local B2C,Venetian Plaster Contractors,/services/local-venetian-plaster-applicators,Low
commercial residential decorative plasterer Phoenix,Micro-Niche (10-100),Local B2B,Venetian Plaster Contractors,/services/commercial-venetian-plastering,Low
residential decorative plasterer in Philadelphia,Low (100-1k),Local B2C,Venetian Plaster Contractors,/services/local-venetian-plaster-applicators,Low
commercial residential decorative plasterer Philadelphia,Micro-Niche (10-100),Local B2B,Venetian Plaster Contractors,/services/commercial-venetian-plastering,Low
residential decorative plasterer in San Antonio,Low (100-1k),Local B2C,Venetian Plaster Contractors,/services/local-venetian-plaster-applicators,Low
commercial residential decorative plasterer San Antonio,Micro-Niche (10-100),Local B2B,Venetian Plaster Contractors,/services/commercial-venetian-plastering,Low
residential decorative plasterer in San Diego,Low (100-1k),Local B2C,Venetian Plaster Contractors,/services/local-venetian-plaster-applicators,Low
commercial residential decorative plasterer San Diego,Micro-Niche (10-100),Local B2B,Venetian Plaster Contractors,/services/commercial-venetian-plastering,Low
residential decorative plasterer in Dallas,Low (100-1k),Local B2C,Venetian Plaster Contractors,/services/local-venetian-plaster-applicators,Low
commercial residential decorative plasterer Dallas,Micro-Niche (10-100),Local B2B,Venetian Plaster Contractors,/services/commercial-venetian-plastering,Low
residential decorative plasterer in San Jose,Low (100-1k),Local B2C,Venetian Plaster Contractors,/services/local-venetian-plaster-applicators,Low
commercial residential decorative plasterer San Jose,Micro-Niche (10-100),Local B2B,Venetian Plaster Contractors,/services/commercial-venetian-plastering,Low
residential decorative plasterer in Austin,Low (100-1k),Local B2C,Venetian Plaster Contractors,/services/local-venetian-plaster-applicators,Low
commercial residential decorative plasterer Austin,Micro-Niche (10-100),Local B2B,Venetian Plaster Contractors,/services/commercial-venetian-plastering,Low
residential decorative plasterer in Jacksonville,Low (100-1k),Local B2C,Venetian Plaster Contractors,/services/local-venetian-plaster-applicators,Low
commercial residential decorative plasterer Jacksonville,Micro-Niche (10-100),Local B2B,Venetian Plaster Contractors,/services/commercial-venetian-plastering,Low
residential decorative plasterer in San Francisco,Low (100-1k),Local B2C,Venetian Plaster Contractors,/services/local-venetian-plaster-applicators,Low
commercial residential decorative plasterer San Francisco,Micro-Niche (10-100),Local B2B,Venetian Plaster Contractors,/services/commercial-venetian-plastering,Low
residential decorative plasterer in Columbus,Low (100-1k),Local B2C,Venetian Plaster Contractors,/services/local-venetian-plaster-applicators,Low
commercial residential decorative plasterer Columbus,Micro-Niche (10-100),Local B2B,Venetian Plaster Contractors,/services/commercial-venetian-plastering,Low
residential decorative plasterer in Fort Worth,Low (100-1k),Local B2C,Venetian Plaster Contractors,/services/local-venetian-plaster-applicators,Low
commercial residential decorative plasterer Fort Worth,Micro-Niche (10-100),Local B2B,Venetian Plaster Contractors,/services/commercial-venetian-plastering,Low
residential decorative plasterer in Indianapolis,Low (100-1k),Local B2C,Venetian Plaster Contractors,/services/local-venetian-plaster-applicators,Low
commercial residential decorative plasterer Indianapolis,Micro-Niche (10-100),Local B2B,Venetian Plaster Contractors,/services/commercial-venetian-plastering,Low
residential decorative plasterer in Charlotte,Low (100-1k),Local B2C,Venetian Plaster Contractors,/services/local-venetian-plaster-applicators,Low
commercial residential decorative plasterer Charlotte,Micro-Niche (10-100),Local B2B,Venetian Plaster Contractors,/services/commercial-venetian-plastering,Low
residential decorative plasterer in Seattle,Low (100-1k),Local B2C,Venetian Plaster Contractors,/services/local-venetian-plaster-applicators,Low
commercial residential decorative plasterer Seattle,Micro-Niche (10-100),Local B2B,Venetian Plaster Contractors,/services/commercial-venetian-plastering,Low
residential decorative plasterer in Denver,Low (100-1k),Local B2C,Venetian Plaster Contractors,/services/local-venetian-plaster-applicators,Low
commercial residential decorative plasterer Denver,Micro-Niche (10-100),Local B2B,Venetian Plaster Contractors,/services/commercial-venetian-plastering,Low
residential decorative plasterer in Washington DC,Low (100-1k),Local B2C,Venetian Plaster Contractors,/services/local-venetian-plaster-applicators,Low
commercial residential decorative plasterer Washington DC,Micro-Niche (10-100),Local B2B,Venetian Plaster Contractors,/services/commercial-venetian-plastering,Low
residential decorative plasterer in Boston,Low (100-1k),Local B2C,Venetian Plaster Contractors,/services/local-venetian-plaster-applicators,Low
commercial residential decorative plasterer Boston,Micro-Niche (10-100),Local B2B,Venetian Plaster Contractors,/services/commercial-venetian-plastering,Low
residential decorative plasterer in El Paso,Low (100-1k),Local B2C,Venetian Plaster Contractors,/services/local-venetian-plaster-applicators,Low
commercial residential decorative plasterer El Paso,Micro-Niche (10-100),Local B2B,Venetian Plaster Contractors,/services/commercial-venetian-plastering,Low
residential decorative plasterer in Nashville,Low (100-1k),Local B2C,Venetian Plaster Contractors,/services/local-venetian-plaster-applicators,Low
commercial residential decorative plasterer Nashville,Micro-Niche (10-100),Local B2B,Venetian Plaster Contractors,/services/commercial-venetian-plastering,Low
residential decorative plasterer in Detroit,Low (100-1k),Local B2C,Venetian Plaster Contractors,/services/local-venetian-plaster-applicators,Low
commercial residential decorative plasterer Detroit,Micro-Niche (10-100),Local B2B,Venetian Plaster Contractors,/services/commercial-venetian-plastering,Low
residential decorative plasterer in Oklahoma City,Low (100-1k),Local B2C,Venetian Plaster Contractors,/services/local-venetian-plaster-applicators,Low
commercial residential decorative plasterer Oklahoma City,Micro-Niche (10-100),Local B2B,Venetian Plaster Contractors,/services/commercial-venetian-plastering,Low
residential decorative plasterer in Portland,Low (100-1k),Local B2C,Venetian Plaster Contractors,/services/local-venetian-plaster-applicators,Low
commercial residential decorative plasterer Portland,Micro-Niche (10-100),Local B2B,Venetian Plaster Contractors,/services/commercial-venetian-plastering,Low
residential decorative plasterer in Las Vegas,Low (100-1k),Local B2C,Venetian Plaster Contractors,/services/local-venetian-plaster-applicators,Low
commercial residential decorative plasterer Las Vegas,Micro-Niche (10-100),Local B2B,Venetian Plaster Contractors,/services/commercial-venetian-plastering,Low
residential decorative plasterer in Memphis,Low (100-1k),Local B2C,Venetian Plaster Contractors,/services/local-venetian-plaster-applicators,Low
commercial residential decorative plasterer Memphis,Micro-Niche (10-100),Local B2B,Venetian Plaster Contractors,/services/commercial-venetian-plastering,Low
residential decorative plasterer in Louisville,Low (100-1k),Local B2C,Venetian Plaster Contractors,/services/local-venetian-plaster-applicators,Low
commercial residential decorative plasterer Louisville,Micro-Niche (10-100),Local B2B,Venetian Plaster Contractors,/services/commercial-venetian-plastering,Low
residential decorative plasterer in Baltimore,Low (100-1k),Local B2C,Venetian Plaster Contractors,/services/local-venetian-plaster-applicators,Low
commercial residential decorative plasterer Baltimore,Micro-Niche (10-100),Local B2B,Venetian Plaster Contractors,/services/commercial-venetian-plastering,Low
residential decorative plasterer in Milwaukee,Low (100-1k),Local B2C,Venetian Plaster Contractors,/services/local-venetian-plaster-applicators,Low
commercial residential decorative plasterer Milwaukee,Micro-Niche (10-100),Local B2B,Venetian Plaster Contractors,/services/commercial-venetian-plastering,Low
residential decorative plasterer in Albuquerque,Low (100-1k),Local B2C,Venetian Plaster Contractors,/services/local-venetian-plaster-applicators,Low
commercial residential decorative plasterer Albuquerque,Micro-Niche (10-100),Local B2B,Venetian Plaster Contractors,/services/commercial-venetian-plastering,Low
residential decorative plasterer in Tucson,Low (100-1k),Local B2C,Venetian Plaster Contractors,/services/local-venetian-plaster-applicators,Low
commercial residential decorative plasterer Tucson,Micro-Niche (10-100),Local B2B,Venetian Plaster Contractors,/services/commercial-venetian-plastering,Low
residential decorative plasterer in Fresno,Low (100-1k),Local B2C,Venetian Plaster Contractors,/services/local-venetian-plaster-applicators,Low
commercial residential decorative plasterer Fresno,Micro-Niche (10-100),Local B2B,Venetian Plaster Contractors,/services/commercial-venetian-plastering,Low
residential decorative plasterer in Sacramento,Low (100-1k),Local B2C,Venetian Plaster Contractors,/services/local-venetian-plaster-applicators,Low
commercial residential decorative plasterer Sacramento,Micro-Niche (10-100),Local B2B,Venetian Plaster Contractors,/services/commercial-venetian-plastering,Low
residential decorative plasterer in Mesa,Low (100-1k),Local B2C,Venetian Plaster Contractors,/services/local-venetian-plaster-applicators,Low
commercial residential decorative plasterer Mesa,Micro-Niche (10-100),Local B2B,Venetian Plaster Contractors,/services/commercial-venetian-plastering,Low
residential decorative plasterer in Kansas City,Low (100-1k),Local B2C,Venetian Plaster Contractors,/services/local-venetian-plaster-applicators,Low
commercial residential decorative plasterer Kansas City,Micro-Niche (10-100),Local B2B,Venetian Plaster Contractors,/services/commercial-venetian-plastering,Low
residential decorative plasterer in Atlanta,Low (100-1k),Local B2C,Venetian Plaster Contractors,/services/local-venetian-plaster-applicators,Low
commercial residential decorative plasterer Atlanta,Micro-Niche (10-100),Local B2B,Venetian Plaster Contractors,/services/commercial-venetian-plastering,Low
residential decorative plasterer in Omaha,Low (100-1k),Local B2C,Venetian Plaster Contractors,/services/local-venetian-plaster-applicators,Low
commercial residential decorative plasterer Omaha,Micro-Niche (10-100),Local B2B,Venetian Plaster Contractors,/services/commercial-venetian-plastering,Low
residential decorative plasterer in Colorado Springs,Low (100-1k),Local B2C,Venetian Plaster Contractors,/services/local-venetian-plaster-applicators,Low
commercial residential decorative plasterer Colorado Springs,Micro-Niche (10-100),Local B2B,Venetian Plaster Contractors,/services/commercial-venetian-plastering,Low
residential decorative plasterer in Raleigh,Low (100-1k),Local B2C,Venetian Plaster Contractors,/services/local-venetian-plaster-applicators,Low
commercial residential decorative plasterer Raleigh,Micro-Niche (10-100),Local B2B,Venetian Plaster Contractors,/services/commercial-venetian-plastering,Low
polished plaster applicator in New York,Low (100-1k),Local B2C,Venetian Plaster Contractors,/services/local-venetian-plaster-applicators,Low
commercial polished plaster applicator New York,Micro-Niche (10-100),Local B2B,Venetian Plaster Contractors,/services/commercial-venetian-plastering,Low
polished plaster applicator in Los Angeles,Low (100-1k),Local B2C,Venetian Plaster Contractors,/services/local-venetian-plaster-applicators,Low
commercial polished plaster applicator Los Angeles,Micro-Niche (10-100),Local B2B,Venetian Plaster Contractors,/services/commercial-venetian-plastering,Low
polished plaster applicator in Miami,Low (100-1k),Local B2C,Venetian Plaster Contractors,/services/local-venetian-plaster-applicators,Low
commercial polished plaster applicator Miami,Micro-Niche (10-100),Local B2B,Venetian Plaster Contractors,/services/commercial-venetian-plastering,Low
polished plaster applicator in Chicago,Low (100-1k),Local B2C,Venetian Plaster Contractors,/services/local-venetian-plaster-applicators,Low
commercial polished plaster applicator Chicago,Micro-Niche (10-100),Local B2B,Venetian Plaster Contractors,/services/commercial-venetian-plastering,Low
polished plaster applicator in Houston,Low (100-1k),Local B2C,Venetian Plaster Contractors,/services/local-venetian-plaster-applicators,Low
commercial polished plaster applicator Houston,Micro-Niche (10-100),Local B2B,Venetian Plaster Contractors,/services/commercial-venetian-plastering,Low
polished plaster applicator in Phoenix,Low (100-1k),Local B2C,Venetian Plaster Contractors,/services/local-venetian-plaster-applicators,Low
commercial polished plaster applicator Phoenix,Micro-Niche (10-100),Local B2B,Venetian Plaster Contractors,/services/commercial-venetian-plastering,Low
polished plaster applicator in Philadelphia,Low (100-1k),Local B2C,Venetian Plaster Contractors,/services/local-venetian-plaster-applicators,Low
commercial polished plaster applicator Philadelphia,Micro-Niche (10-100),Local B2B,Venetian Plaster Contractors,/services/commercial-venetian-plastering,Low
polished plaster applicator in San Antonio,Low (100-1k),Local B2C,Venetian Plaster Contractors,/services/local-venetian-plaster-applicators,Low
commercial polished plaster applicator San Antonio,Micro-Niche (10-100),Local B2B,Venetian Plaster Contractors,/services/commercial-venetian-plastering,Low
polished plaster applicator in San Diego,Low (100-1k),Local B2C,Venetian Plaster Contractors,/services/local-venetian-plaster-applicators,Low
commercial polished plaster applicator San Diego,Micro-Niche (10-100),Local B2B,Venetian Plaster Contractors,/services/commercial-venetian-plastering,Low
polished plaster applicator in Dallas,Low (100-1k),Local B2C,Venetian Plaster Contractors,/services/local-venetian-plaster-applicators,Low
commercial polished plaster applicator Dallas,Micro-Niche (10-100),Local B2B,Venetian Plaster Contractors,/services/commercial-venetian-plastering,Low
polished plaster applicator in San Jose,Low (100-1k),Local B2C,Venetian Plaster Contractors,/services/local-venetian-plaster-applicators,Low
commercial polished plaster applicator San Jose,Micro-Niche (10-100),Local B2B,Venetian Plaster Contractors,/services/commercial-venetian-plastering,Low
polished plaster applicator in Austin,Low (100-1k),Local B2C,Venetian Plaster Contractors,/services/local-venetian-plaster-applicators,Low
commercial polished plaster applicator Austin,Micro-Niche (10-100),Local B2B,Venetian Plaster Contractors,/services/commercial-venetian-plastering,Low
polished plaster applicator in Jacksonville,Low (100-1k),Local B2C,Venetian Plaster Contractors,/services/local-venetian-plaster-applicators,Low
commercial polished plaster applicator Jacksonville,Micro-Niche (10-100),Local B2B,Venetian Plaster Contractors,/services/commercial-venetian-plastering,Low
polished plaster applicator in San Francisco,Low (100-1k),Local B2C,Venetian Plaster Contractors,/services/local-venetian-plaster-applicators,Low
commercial polished plaster applicator San Francisco,Micro-Niche (10-100),Local B2B,Venetian Plaster Contractors,/services/commercial-venetian-plastering,Low
polished plaster applicator in Columbus,Low (100-1k),Local B2C,Venetian Plaster Contractors,/services/local-venetian-plaster-applicators,Low
commercial polished plaster applicator Columbus,Micro-Niche (10-100),Local B2B,Venetian Plaster Contractors,/services/commercial-venetian-plastering,Low
polished plaster applicator in Fort Worth,Low (100-1k),Local B2C,Venetian Plaster Contractors,/services/local-venetian-plaster-applicators,Low
commercial polished plaster applicator Fort Worth,Micro-Niche (10-100),Local B2B,Venetian Plaster Contractors,/services/commercial-venetian-plastering,Low
polished plaster applicator in Indianapolis,Low (100-1k),Local B2C,Venetian Plaster Contractors,/services/local-venetian-plaster-applicators,Low
commercial polished plaster applicator Indianapolis,Micro-Niche (10-100),Local B2B,Venetian Plaster Contractors,/services/commercial-venetian-plastering,Low
polished plaster applicator in Charlotte,Low (100-1k),Local B2C,Venetian Plaster Contractors,/services/local-venetian-plaster-applicators,Low
commercial polished plaster applicator Charlotte,Micro-Niche (10-100),Local B2B,Venetian Plaster Contractors,/services/commercial-venetian-plastering,Low
polished plaster applicator in Seattle,Low (100-1k),Local B2C,Venetian Plaster Contractors,/services/local-venetian-plaster-applicators,Low
commercial polished plaster applicator Seattle,Micro-Niche (10-100),Local B2B,Venetian Plaster Contractors,/services/commercial-venetian-plastering,Low
polished plaster applicator in Denver,Low (100-1k),Local B2C,Venetian Plaster Contractors,/services/local-venetian-plaster-applicators,Low
commercial polished plaster applicator Denver,Micro-Niche (10-100),Local B2B,Venetian Plaster Contractors,/services/commercial-venetian-plastering,Low
polished plaster applicator in Washington DC,Low (100-1k),Local B2C,Venetian Plaster Contractors,/services/local-venetian-plaster-applicators,Low
commercial polished plaster applicator Washington DC,Micro-Niche (10-100),Local B2B,Venetian Plaster Contractors,/services/commercial-venetian-plastering,Low
polished plaster applicator in Boston,Low (100-1k),Local B2C,Venetian Plaster Contractors,/services/local-venetian-plaster-applicators,Low
commercial polished plaster applicator Boston,Micro-Niche (10-100),Local B2B,Venetian Plaster Contractors,/services/commercial-venetian-plastering,Low
polished plaster applicator in El Paso,Low (100-1k),Local B2C,Venetian Plaster Contractors,/services/local-venetian-plaster-applicators,Low
commercial polished plaster applicator El Paso,Micro-Niche (10-100),Local B2B,Venetian Plaster Contractors,/services/commercial-venetian-plastering,Low
polished plaster applicator in Nashville,Low (100-1k),Local B2C,Venetian Plaster Contractors,/services/local-venetian-plaster-applicators,Low
commercial polished plaster applicator Nashville,Micro-Niche (10-100),Local B2B,Venetian Plaster Contractors,/services/commercial-venetian-plastering,Low
polished plaster applicator in Detroit,Low (100-1k),Local B2C,Venetian Plaster Contractors,/services/local-venetian-plaster-applicators,Low
commercial polished plaster applicator Detroit,Micro-Niche (10-100),Local B2B,Venetian Plaster Contractors,/services/commercial-venetian-plastering,Low
polished plaster applicator in Oklahoma City,Low (100-1k),Local B2C,Venetian Plaster Contractors,/services/local-venetian-plaster-applicators,Low
commercial polished plaster applicator Oklahoma City,Micro-Niche (10-100),Local B2B,Venetian Plaster Contractors,/services/commercial-venetian-plastering,Low
polished plaster applicator in Portland,Low (100-1k),Local B2C,Venetian Plaster Contractors,/services/local-venetian-plaster-applicators,Low
commercial polished plaster applicator Portland,Micro-Niche (10-100),Local B2B,Venetian Plaster Contractors,/services/commercial-venetian-plastering,Low
polished plaster applicator in Las Vegas,Low (100-1k),Local B2C,Venetian Plaster Contractors,/services/local-venetian-plaster-applicators,Low
commercial polished plaster applicator Las Vegas,Micro-Niche (10-100),Local B2B,Venetian Plaster Contractors,/services/commercial-venetian-plastering,Low
polished plaster applicator in Memphis,Low (100-1k),Local B2C,Venetian Plaster Contractors,/services/local-venetian-plaster-applicators,Low
commercial polished plaster applicator Memphis,Micro-Niche (10-100),Local B2B,Venetian Plaster Contractors,/services/commercial-venetian-plastering,Low
polished plaster applicator in Louisville,Low (100-1k),Local B2C,Venetian Plaster Contractors,/services/local-venetian-plaster-applicators,Low
commercial polished plaster applicator Louisville,Micro-Niche (10-100),Local B2B,Venetian Plaster Contractors,/services/commercial-venetian-plastering,Low
polished plaster applicator in Baltimore,Low (100-1k),Local B2C,Venetian Plaster Contractors,/services/local-venetian-plaster-applicators,Low
commercial polished plaster applicator Baltimore,Micro-Niche (10-100),Local B2B,Venetian Plaster Contractors,/services/commercial-venetian-plastering,Low
polished plaster applicator in Milwaukee,Low (100-1k),Local B2C,Venetian Plaster Contractors,/services/local-venetian-plaster-applicators,Low
commercial polished plaster applicator Milwaukee,Micro-Niche (10-100),Local B2B,Venetian Plaster Contractors,/services/commercial-venetian-plastering,Low
polished plaster applicator in Albuquerque,Low (100-1k),Local B2C,Venetian Plaster Contractors,/services/local-venetian-plaster-applicators,Low
commercial polished plaster applicator Albuquerque,Micro-Niche (10-100),Local B2B,Venetian Plaster Contractors,/services/commercial-venetian-plastering,Low
polished plaster applicator in Tucson,Low (100-1k),Local B2C,Venetian Plaster Contractors,/services/local-venetian-plaster-applicators,Low
commercial polished plaster applicator Tucson,Micro-Niche (10-100),Local B2B,Venetian Plaster Contractors,/services/commercial-venetian-plastering,Low
polished plaster applicator in Fresno,Low (100-1k),Local B2C,Venetian Plaster Contractors,/services/local-venetian-plaster-applicators,Low
commercial polished plaster applicator Fresno,Micro-Niche (10-100),Local B2B,Venetian Plaster Contractors,/services/commercial-venetian-plastering,Low
polished plaster applicator in Sacramento,Low (100-1k),Local B2C,Venetian Plaster Contractors,/services/local-venetian-plaster-applicators,Low
commercial polished plaster applicator Sacramento,Micro-Niche (10-100),Local B2B,Venetian Plaster Contractors,/services/commercial-venetian-plastering,Low
polished plaster applicator in Mesa,Low (100-1k),Local B2C,Venetian Plaster Contractors,/services/local-venetian-plaster-applicators,Low
commercial polished plaster applicator Mesa,Micro-Niche (10-100),Local B2B,Venetian Plaster Contractors,/services/commercial-venetian-plastering,Low
polished plaster applicator in Kansas City,Low (100-1k),Local B2C,Venetian Plaster Contractors,/services/local-venetian-plaster-applicators,Low
commercial polished plaster applicator Kansas City,Micro-Niche (10-100),Local B2B,Venetian Plaster Contractors,/services/commercial-venetian-plastering,Low
polished plaster applicator in Atlanta,Low (100-1k),Local B2C,Venetian Plaster Contractors,/services/local-venetian-plaster-applicators,Low
commercial polished plaster applicator Atlanta,Micro-Niche (10-100),Local B2B,Venetian Plaster Contractors,/services/commercial-venetian-plastering,Low
polished plaster applicator in Omaha,Low (100-1k),Local B2C,Venetian Plaster Contractors,/services/local-venetian-plaster-applicators,Low
commercial polished plaster applicator Omaha,Micro-Niche (10-100),Local B2B,Venetian Plaster Contractors,/services/commercial-venetian-plastering,Low
polished plaster applicator in Colorado Springs,Low (100-1k),Local B2C,Venetian Plaster Contractors,/services/local-venetian-plaster-applicators,Low
commercial polished plaster applicator Colorado Springs,Micro-Niche (10-100),Local B2B,Venetian Plaster Contractors,/services/commercial-venetian-plastering,Low
polished plaster applicator in Raleigh,Low (100-1k),Local B2C,Venetian Plaster Contractors,/services/local-venetian-plaster-applicators,Low
commercial polished plaster applicator Raleigh,Micro-Niche (10-100),Local B2B,Venetian Plaster Contractors,/services/commercial-venetian-plastering,Low
microcement floor contractor in New York,Low (100-1k),Local B2C,Venetian Plaster Contractors,/services/local-venetian-plaster-applicators,Low
commercial microcement floor contractor New York,Micro-Niche (10-100),Local B2B,Venetian Plaster Contractors,/services/commercial-venetian-plastering,Low
microcement floor contractor in Los Angeles,Low (100-1k),Local B2C,Venetian Plaster Contractors,/services/local-venetian-plaster-applicators,Low
commercial microcement floor contractor Los Angeles,Micro-Niche (10-100),Local B2B,Venetian Plaster Contractors,/services/commercial-venetian-plastering,Low
microcement floor contractor in Miami,Low (100-1k),Local B2C,Venetian Plaster Contractors,/services/local-venetian-plaster-applicators,Low
commercial microcement floor contractor Miami,Micro-Niche (10-100),Local B2B,Venetian Plaster Contractors,/services/commercial-venetian-plastering,Low
microcement floor contractor in Chicago,Low (100-1k),Local B2C,Venetian Plaster Contractors,/services/local-venetian-plaster-applicators,Low
commercial microcement floor contractor Chicago,Micro-Niche (10-100),Local B2B,Venetian Plaster Contractors,/services/commercial-venetian-plastering,Low
microcement floor contractor in Houston,Low (100-1k),Local B2C,Venetian Plaster Contractors,/services/local-venetian-plaster-applicators,Low
commercial microcement floor contractor Houston,Micro-Niche (10-100),Local B2B,Venetian Plaster Contractors,/services/commercial-venetian-plastering,Low
microcement floor contractor in Phoenix,Low (100-1k),Local B2C,Venetian Plaster Contractors,/services/local-venetian-plaster-applicators,Low
commercial microcement floor contractor Phoenix,Micro-Niche (10-100),Local B2B,Venetian Plaster Contractors,/services/commercial-venetian-plastering,Low
microcement floor contractor in Philadelphia,Low (100-1k),Local B2C,Venetian Plaster Contractors,/services/local-venetian-plaster-applicators,Low
commercial microcement floor contractor Philadelphia,Micro-Niche (10-100),Local B2B,Venetian Plaster Contractors,/services/commercial-venetian-plastering,Low
microcement floor contractor in San Antonio,Low (100-1k),Local B2C,Venetian Plaster Contractors,/services/local-venetian-plaster-applicators,Low
commercial microcement floor contractor San Antonio,Micro-Niche (10-100),Local B2B,Venetian Plaster Contractors,/services/commercial-venetian-plastering,Low
microcement floor contractor in San Diego,Low (100-1k),Local B2C,Venetian Plaster Contractors,/services/local-venetian-plaster-applicators,Low
commercial microcement floor contractor San Diego,Micro-Niche (10-100),Local B2B,Venetian Plaster Contractors,/services/commercial-venetian-plastering,Low
microcement floor contractor in Dallas,Low (100-1k),Local B2C,Venetian Plaster Contractors,/services/local-venetian-plaster-applicators,Low
commercial microcement floor contractor Dallas,Micro-Niche (10-100),Local B2B,Venetian Plaster Contractors,/services/commercial-venetian-plastering,Low
microcement floor contractor in San Jose,Low (100-1k),Local B2C,Venetian Plaster Contractors,/services/local-venetian-plaster-applicators,Low
commercial microcement floor contractor San Jose,Micro-Niche (10-100),Local B2B,Venetian Plaster Contractors,/services/commercial-venetian-plastering,Low
microcement floor contractor in Austin,Low (100-1k),Local B2C,Venetian Plaster Contractors,/services/local-venetian-plaster-applicators,Low
commercial microcement floor contractor Austin,Micro-Niche (10-100),Local B2B,Venetian Plaster Contractors,/services/commercial-venetian-plastering,Low
microcement floor contractor in Jacksonville,Low (100-1k),Local B2C,Venetian Plaster Contractors,/services/local-venetian-plaster-applicators,Low
commercial microcement floor contractor Jacksonville,Micro-Niche (10-100),Local B2B,Venetian Plaster Contractors,/services/commercial-venetian-plastering,Low
microcement floor contractor in San Francisco,Low (100-1k),Local B2C,Venetian Plaster Contractors,/services/local-venetian-plaster-applicators,Low
commercial microcement floor contractor San Francisco,Micro-Niche (10-100),Local B2B,Venetian Plaster Contractors,/services/commercial-venetian-plastering,Low
microcement floor contractor in Columbus,Low (100-1k),Local B2C,Venetian Plaster Contractors,/services/local-venetian-plaster-applicators,Low
commercial microcement floor contractor Columbus,Micro-Niche (10-100),Local B2B,Venetian Plaster Contractors,/services/commercial-venetian-plastering,Low
microcement floor contractor in Fort Worth,Low (100-1k),Local B2C,Venetian Plaster Contractors,/services/local-venetian-plaster-applicators,Low
commercial microcement floor contractor Fort Worth,Micro-Niche (10-100),Local B2B,Venetian Plaster Contractors,/services/commercial-venetian-plastering,Low
microcement floor contractor in Indianapolis,Low (100-1k),Local B2C,Venetian Plaster Contractors,/services/local-venetian-plaster-applicators,Low
commercial microcement floor contractor Indianapolis,Micro-Niche (10-100),Local B2B,Venetian Plaster Contractors,/services/commercial-venetian-plastering,Low
microcement floor contractor in Charlotte,Low (100-1k),Local B2C,Venetian Plaster Contractors,/services/local-venetian-plaster-applicators,Low
commercial microcement floor contractor Charlotte,Micro-Niche (10-100),Local B2B,Venetian Plaster Contractors,/services/commercial-venetian-plastering,Low
microcement floor contractor in Seattle,Low (100-1k),Local B2C,Venetian Plaster Contractors,/services/local-venetian-plaster-applicators,Low
commercial microcement floor contractor Seattle,Micro-Niche (10-100),Local B2B,Venetian Plaster Contractors,/services/commercial-venetian-plastering,Low
microcement floor contractor in Denver,Low (100-1k),Local B2C,Venetian Plaster Contractors,/services/local-venetian-plaster-applicators,Low
commercial microcement floor contractor Denver,Micro-Niche (10-100),Local B2B,Venetian Plaster Contractors,/services/commercial-venetian-plastering,Low
microcement floor contractor in Washington DC,Low (100-1k),Local B2C,Venetian Plaster Contractors,/services/local-venetian-plaster-applicators,Low
commercial microcement floor contractor Washington DC,Micro-Niche (10-100),Local B2B,Venetian Plaster Contractors,/services/commercial-venetian-plastering,Low
microcement floor contractor in Boston,Low (100-1k),Local B2C,Venetian Plaster Contractors,/services/local-venetian-plaster-applicators,Low
commercial microcement floor contractor Boston,Micro-Niche (10-100),Local B2B,Venetian Plaster Contractors,/services/commercial-venetian-plastering,Low
microcement floor contractor in El Paso,Low (100-1k),Local B2C,Venetian Plaster Contractors,/services/local-venetian-plaster-applicators,Low
commercial microcement floor contractor El Paso,Micro-Niche (10-100),Local B2B,Venetian Plaster Contractors,/services/commercial-venetian-plastering,Low
microcement floor contractor in Nashville,Low (100-1k),Local B2C,Venetian Plaster Contractors,/services/local-venetian-plaster-applicators,Low
commercial microcement floor contractor Nashville,Micro-Niche (10-100),Local B2B,Venetian Plaster Contractors,/services/commercial-venetian-plastering,Low
microcement floor contractor in Detroit,Low (100-1k),Local B2C,Venetian Plaster Contractors,/services/local-venetian-plaster-applicators,Low
commercial microcement floor contractor Detroit,Micro-Niche (10-100),Local B2B,Venetian Plaster Contractors,/services/commercial-venetian-plastering,Low
microcement floor contractor in Oklahoma City,Low (100-1k),Local B2C,Venetian Plaster Contractors,/services/local-venetian-plaster-applicators,Low
commercial microcement floor contractor Oklahoma City,Micro-Niche (10-100),Local B2B,Venetian Plaster Contractors,/services/commercial-venetian-plastering,Low
microcement floor contractor in Portland,Low (100-1k),Local B2C,Venetian Plaster Contractors,/services/local-venetian-plaster-applicators,Low
commercial microcement floor contractor Portland,Micro-Niche (10-100),Local B2B,Venetian Plaster Contractors,/services/commercial-venetian-plastering,Low
microcement floor contractor in Las Vegas,Low (100-1k),Local B2C,Venetian Plaster Contractors,/services/local-venetian-plaster-applicators,Low
commercial microcement floor contractor Las Vegas,Micro-Niche (10-100),Local B2B,Venetian Plaster Contractors,/services/commercial-venetian-plastering,Low
microcement floor contractor in Memphis,Low (100-1k),Local B2C,Venetian Plaster Contractors,/services/local-venetian-plaster-applicators,Low
commercial microcement floor contractor Memphis,Micro-Niche (10-100),Local B2B,Venetian Plaster Contractors,/services/commercial-venetian-plastering,Low
microcement floor contractor in Louisville,Low (100-1k),Local B2C,Venetian Plaster Contractors,/services/local-venetian-plaster-applicators,Low
commercial microcement floor contractor Louisville,Micro-Niche (10-100),Local B2B,Venetian Plaster Contractors,/services/commercial-venetian-plastering,Low
microcement floor contractor in Baltimore,Low (100-1k),Local B2C,Venetian Plaster Contractors,/services/local-venetian-plaster-applicators,Low
commercial microcement floor contractor Baltimore,Micro-Niche (10-100),Local B2B,Venetian Plaster Contractors,/services/commercial-venetian-plastering,Low
microcement floor contractor in Milwaukee,Low (100-1k),Local B2C,Venetian Plaster Contractors,/services/local-venetian-plaster-applicators,Low
commercial microcement floor contractor Milwaukee,Micro-Niche (10-100),Local B2B,Venetian Plaster Contractors,/services/commercial-venetian-plastering,Low
microcement floor contractor in Albuquerque,Low (100-1k),Local B2C,Venetian Plaster Contractors,/services/local-venetian-plaster-applicators,Low
commercial microcement floor contractor Albuquerque,Micro-Niche (10-100),Local B2B,Venetian Plaster Contractors,/services/commercial-venetian-plastering,Low
microcement floor contractor in Tucson,Low (100-1k),Local B2C,Venetian Plaster Contractors,/services/local-venetian-plaster-applicators,Low
commercial microcement floor contractor Tucson,Micro-Niche (10-100),Local B2B,Venetian Plaster Contractors,/services/commercial-venetian-plastering,Low
microcement floor contractor in Fresno,Low (100-1k),Local B2C,Venetian Plaster Contractors,/services/local-venetian-plaster-applicators,Low
commercial microcement floor contractor Fresno,Micro-Niche (10-100),Local B2B,Venetian Plaster Contractors,/services/commercial-venetian-plastering,Low
microcement floor contractor in Sacramento,Low (100-1k),Local B2C,Venetian Plaster Contractors,/services/local-venetian-plaster-applicators,Low
commercial microcement floor contractor Sacramento,Micro-Niche (10-100),Local B2B,Venetian Plaster Contractors,/services/commercial-venetian-plastering,Low
microcement floor contractor in Mesa,Low (100-1k),Local B2C,Venetian Plaster Contractors,/services/local-venetian-plaster-applicators,Low
commercial microcement floor contractor Mesa,Micro-Niche (10-100),Local B2B,Venetian Plaster Contractors,/services/commercial-venetian-plastering,Low
microcement floor contractor in Kansas City,Low (100-1k),Local B2C,Venetian Plaster Contractors,/services/local-venetian-plaster-applicators,Low
commercial microcement floor contractor Kansas City,Micro-Niche (10-100),Local B2B,Venetian Plaster Contractors,/services/commercial-venetian-plastering,Low
microcement floor contractor in Atlanta,Low (100-1k),Local B2C,Venetian Plaster Contractors,/services/local-venetian-plaster-applicators,Low
commercial microcement floor contractor Atlanta,Micro-Niche (10-100),Local B2B,Venetian Plaster Contractors,/services/commercial-venetian-plastering,Low
microcement floor contractor in Omaha,Low (100-1k),Local B2C,Venetian Plaster Contractors,/services/local-venetian-plaster-applicators,Low
commercial microcement floor contractor Omaha,Micro-Niche (10-100),Local B2B,Venetian Plaster Contractors,/services/commercial-venetian-plastering,Low
microcement floor contractor in Colorado Springs,Low (100-1k),Local B2C,Venetian Plaster Contractors,/services/local-venetian-plaster-applicators,Low
commercial microcement floor contractor Colorado Springs,Micro-Niche (10-100),Local B2B,Venetian Plaster Contractors,/services/commercial-venetian-plastering,Low
microcement floor contractor in Raleigh,Low (100-1k),Local B2C,Venetian Plaster Contractors,/services/local-venetian-plaster-applicators,Low
commercial microcement floor contractor Raleigh,Micro-Niche (10-100),Local B2B,Venetian Plaster Contractors,/services/commercial-venetian-plastering,Low
marmorino installer studio in New York,Low (100-1k),Local B2C,Venetian Plaster Contractors,/services/local-venetian-plaster-applicators,Low
commercial marmorino installer studio New York,Micro-Niche (10-100),Local B2B,Venetian Plaster Contractors,/services/commercial-venetian-plastering,Low
marmorino installer studio in Los Angeles,Low (100-1k),Local B2C,Venetian Plaster Contractors,/services/local-venetian-plaster-applicators,Low
commercial marmorino installer studio Los Angeles,Micro-Niche (10-100),Local B2B,Venetian Plaster Contractors,/services/commercial-venetian-plastering,Low
marmorino installer studio in Miami,Low (100-1k),Local B2C,Venetian Plaster Contractors,/services/local-venetian-plaster-applicators,Low
commercial marmorino installer studio Miami,Micro-Niche (10-100),Local B2B,Venetian Plaster Contractors,/services/commercial-venetian-plastering,Low
marmorino installer studio in Chicago,Low (100-1k),Local B2C,Venetian Plaster Contractors,/services/local-venetian-plaster-applicators,Low
commercial marmorino installer studio Chicago,Micro-Niche (10-100),Local B2B,Venetian Plaster Contractors,/services/commercial-venetian-plastering,Low
marmorino installer studio in Houston,Low (100-1k),Local B2C,Venetian Plaster Contractors,/services/local-venetian-plaster-applicators,Low
commercial marmorino installer studio Houston,Micro-Niche (10-100),Local B2B,Venetian Plaster Contractors,/services/commercial-venetian-plastering,Low
marmorino installer studio in Phoenix,Low (100-1k),Local B2C,Venetian Plaster Contractors,/services/local-venetian-plaster-applicators,Low
commercial marmorino installer studio Phoenix,Micro-Niche (10-100),Local B2B,Venetian Plaster Contractors,/services/commercial-venetian-plastering,Low
marmorino installer studio in Philadelphia,Low (100-1k),Local B2C,Venetian Plaster Contractors,/services/local-venetian-plaster-applicators,Low
commercial marmorino installer studio Philadelphia,Micro-Niche (10-100),Local B2B,Venetian Plaster Contractors,/services/commercial-venetian-plastering,Low
marmorino installer studio in San Antonio,Low (100-1k),Local B2C,Venetian Plaster Contractors,/services/local-venetian-plaster-applicators,Low
commercial marmorino installer studio San Antonio,Micro-Niche (10-100),Local B2B,Venetian Plaster Contractors,/services/commercial-venetian-plastering,Low
marmorino installer studio in San Diego,Low (100-1k),Local B2C,Venetian Plaster Contractors,/services/local-venetian-plaster-applicators,Low
commercial marmorino installer studio San Diego,Micro-Niche (10-100),Local B2B,Venetian Plaster Contractors,/services/commercial-venetian-plastering,Low
marmorino installer studio in Dallas,Low (100-1k),Local B2C,Venetian Plaster Contractors,/services/local-venetian-plaster-applicators,Low
commercial marmorino installer studio Dallas,Micro-Niche (10-100),Local B2B,Venetian Plaster Contractors,/services/commercial-venetian-plastering,Low
marmorino installer studio in San Jose,Low (100-1k),Local B2C,Venetian Plaster Contractors,/services/local-venetian-plaster-applicators,Low
commercial marmorino installer studio San Jose,Micro-Niche (10-100),Local B2B,Venetian Plaster Contractors,/services/commercial-venetian-plastering,Low
marmorino installer studio in Austin,Low (100-1k),Local B2C,Venetian Plaster Contractors,/services/local-venetian-plaster-applicators,Low
commercial marmorino installer studio Austin,Micro-Niche (10-100),Local B2B,Venetian Plaster Contractors,/services/commercial-venetian-plastering,Low
marmorino installer studio in Jacksonville,Low (100-1k),Local B2C,Venetian Plaster Contractors,/services/local-venetian-plaster-applicators,Low
commercial marmorino installer studio Jacksonville,Micro-Niche (10-100),Local B2B,Venetian Plaster Contractors,/services/commercial-venetian-plastering,Low
marmorino installer studio in San Francisco,Low (100-1k),Local B2C,Venetian Plaster Contractors,/services/local-venetian-plaster-applicators,Low
commercial marmorino installer studio San Francisco,Micro-Niche (10-100),Local B2B,Venetian Plaster Contractors,/services/commercial-venetian-plastering,Low
marmorino installer studio in Columbus,Low (100-1k),Local B2C,Venetian Plaster Contractors,/services/local-venetian-plaster-applicators,Low
commercial marmorino installer studio Columbus,Micro-Niche (10-100),Local B2B,Venetian Plaster Contractors,/services/commercial-venetian-plastering,Low
marmorino installer studio in Fort Worth,Low (100-1k),Local B2C,Venetian Plaster Contractors,/services/local-venetian-plaster-applicators,Low
commercial marmorino installer studio Fort Worth,Micro-Niche (10-100),Local B2B,Venetian Plaster Contractors,/services/commercial-venetian-plastering,Low
marmorino installer studio in Indianapolis,Low (100-1k),Local B2C,Venetian Plaster Contractors,/services/local-venetian-plaster-applicators,Low
commercial marmorino installer studio Indianapolis,Micro-Niche (10-100),Local B2B,Venetian Plaster Contractors,/services/commercial-venetian-plastering,Low
marmorino installer studio in Charlotte,Low (100-1k),Local B2C,Venetian Plaster Contractors,/services/local-venetian-plaster-applicators,Low
commercial marmorino installer studio Charlotte,Micro-Niche (10-100),Local B2B,Venetian Plaster Contractors,/services/commercial-venetian-plastering,Low
marmorino installer studio in Seattle,Low (100-1k),Local B2C,Venetian Plaster Contractors,/services/local-venetian-plaster-applicators,Low
commercial marmorino installer studio Seattle,Micro-Niche (10-100),Local B2B,Venetian Plaster Contractors,/services/commercial-venetian-plastering,Low
marmorino installer studio in Denver,Low (100-1k),Local B2C,Venetian Plaster Contractors,/services/local-venetian-plaster-applicators,Low
commercial marmorino installer studio Denver,Micro-Niche (10-100),Local B2B,Venetian Plaster Contractors,/services/commercial-venetian-plastering,Low
marmorino installer studio in Washington DC,Low (100-1k),Local B2C,Venetian Plaster Contractors,/services/local-venetian-plaster-applicators,Low
commercial marmorino installer studio Washington DC,Micro-Niche (10-100),Local B2B,Venetian Plaster Contractors,/services/commercial-venetian-plastering,Low
marmorino installer studio in Boston,Low (100-1k),Local B2C,Venetian Plaster Contractors,/services/local-venetian-plaster-applicators,Low
commercial marmorino installer studio Boston,Micro-Niche (10-100),Local B2B,Venetian Plaster Contractors,/services/commercial-venetian-plastering,Low
marmorino installer studio in El Paso,Low (100-1k),Local B2C,Venetian Plaster Contractors,/services/local-venetian-plaster-applicators,Low
commercial marmorino installer studio El Paso,Micro-Niche (10-100),Local B2B,Venetian Plaster Contractors,/services/commercial-venetian-plastering,Low
marmorino installer studio in Nashville,Low (100-1k),Local B2C,Venetian Plaster Contractors,/services/local-venetian-plaster-applicators,Low
commercial marmorino installer studio Nashville,Micro-Niche (10-100),Local B2B,Venetian Plaster Contractors,/services/commercial-venetian-plastering,Low
marmorino installer studio in Detroit,Low (100-1k),Local B2C,Venetian Plaster Contractors,/services/local-venetian-plaster-applicators,Low
commercial marmorino installer studio Detroit,Micro-Niche (10-100),Local B2B,Venetian Plaster Contractors,/services/commercial-venetian-plastering,Low
marmorino installer studio in Oklahoma City,Low (100-1k),Local B2C,Venetian Plaster Contractors,/services/local-venetian-plaster-applicators,Low
commercial marmorino installer studio Oklahoma City,Micro-Niche (10-100),Local B2B,Venetian Plaster Contractors,/services/commercial-venetian-plastering,Low
marmorino installer studio in Portland,Low (100-1k),Local B2C,Venetian Plaster Contractors,/services/local-venetian-plaster-applicators,Low
commercial marmorino installer studio Portland,Micro-Niche (10-100),Local B2B,Venetian Plaster Contractors,/services/commercial-venetian-plastering,Low
marmorino installer studio in Las Vegas,Low (100-1k),Local B2C,Venetian Plaster Contractors,/services/local-venetian-plaster-applicators,Low
commercial marmorino installer studio Las Vegas,Micro-Niche (10-100),Local B2B,Venetian Plaster Contractors,/services/commercial-venetian-plastering,Low
marmorino installer studio in Memphis,Low (100-1k),Local B2C,Venetian Plaster Contractors,/services/local-venetian-plaster-applicators,Low
commercial marmorino installer studio Memphis,Micro-Niche (10-100),Local B2B,Venetian Plaster Contractors,/services/commercial-venetian-plastering,Low
marmorino installer studio in Louisville,Low (100-1k),Local B2C,Venetian Plaster Contractors,/services/local-venetian-plaster-applicators,Low
commercial marmorino installer studio Louisville,Micro-Niche (10-100),Local B2B,Venetian Plaster Contractors,/services/commercial-venetian-plastering,Low
marmorino installer studio in Baltimore,Low (100-1k),Local B2C,Venetian Plaster Contractors,/services/local-venetian-plaster-applicators,Low
commercial marmorino installer studio Baltimore,Micro-Niche (10-100),Local B2B,Venetian Plaster Contractors,/services/commercial-venetian-plastering,Low
marmorino installer studio in Milwaukee,Low (100-1k),Local B2C,Venetian Plaster Contractors,/services/local-venetian-plaster-applicators,Low
commercial marmorino installer studio Milwaukee,Micro-Niche (10-100),Local B2B,Venetian Plaster Contractors,/services/commercial-venetian-plastering,Low
marmorino installer studio in Albuquerque,Low (100-1k),Local B2C,Venetian Plaster Contractors,/services/local-venetian-plaster-applicators,Low
commercial marmorino installer studio Albuquerque,Micro-Niche (10-100),Local B2B,Venetian Plaster Contractors,/services/commercial-venetian-plastering,Low
marmorino installer studio in Tucson,Low (100-1k),Local B2C,Venetian Plaster Contractors,/services/local-venetian-plaster-applicators,Low
commercial marmorino installer studio Tucson,Micro-Niche (10-100),Local B2B,Venetian Plaster Contractors,/services/commercial-venetian-plastering,Low
marmorino installer studio in Fresno,Low (100-1k),Local B2C,Venetian Plaster Contractors,/services/local-venetian-plaster-applicators,Low
commercial marmorino installer studio Fresno,Micro-Niche (10-100),Local B2B,Venetian Plaster Contractors,/services/commercial-venetian-plastering,Low
marmorino installer studio in Sacramento,Low (100-1k),Local B2C,Venetian Plaster Contractors,/services/local-venetian-plaster-applicators,Low
commercial marmorino installer studio Sacramento,Micro-Niche (10-100),Local B2B,Venetian Plaster Contractors,/services/commercial-venetian-plastering,Low
marmorino installer studio in Mesa,Low (100-1k),Local B2C,Venetian Plaster Contractors,/services/local-venetian-plaster-applicators,Low
commercial marmorino installer studio Mesa,Micro-Niche (10-100),Local B2B,Venetian Plaster Contractors,/services/commercial-venetian-plastering,Low
marmorino installer studio in Kansas City,Low (100-1k),Local B2C,Venetian Plaster Contractors,/services/local-venetian-plaster-applicators,Low
commercial marmorino installer studio Kansas City,Micro-Niche (10-100),Local B2B,Venetian Plaster Contractors,/services/commercial-venetian-plastering,Low
marmorino installer studio in Atlanta,Low (100-1k),Local B2C,Venetian Plaster Contractors,/services/local-venetian-plaster-applicators,Low
commercial marmorino installer studio Atlanta,Micro-Niche (10-100),Local B2B,Venetian Plaster Contractors,/services/commercial-venetian-plastering,Low
marmorino installer studio in Omaha,Low (100-1k),Local B2C,Venetian Plaster Contractors,/services/local-venetian-plaster-applicators,Low
commercial marmorino installer studio Omaha,Micro-Niche (10-100),Local B2B,Venetian Plaster Contractors,/services/commercial-venetian-plastering,Low
marmorino installer studio in Colorado Springs,Low (100-1k),Local B2C,Venetian Plaster Contractors,/services/local-venetian-plaster-applicators,Low
commercial marmorino installer studio Colorado Springs,Micro-Niche (10-100),Local B2B,Venetian Plaster Contractors,/services/commercial-venetian-plastering,Low
marmorino installer studio in Raleigh,Low (100-1k),Local B2C,Venetian Plaster Contractors,/services/local-venetian-plaster-applicators,Low
commercial marmorino installer studio Raleigh,Micro-Niche (10-100),Local B2B,Venetian Plaster Contractors,/services/commercial-venetian-plastering,Low
italian stucco applicator in New York,Low (100-1k),Local B2C,Venetian Plaster Contractors,/services/local-venetian-plaster-applicators,Low
commercial italian stucco applicator New York,Micro-Niche (10-100),Local B2B,Venetian Plaster Contractors,/services/commercial-venetian-plastering,Low
italian stucco applicator in Los Angeles,Low (100-1k),Local B2C,Venetian Plaster Contractors,/services/local-venetian-plaster-applicators,Low
commercial italian stucco applicator Los Angeles,Micro-Niche (10-100),Local B2B,Venetian Plaster Contractors,/services/commercial-venetian-plastering,Low
italian stucco applicator in Miami,Low (100-1k),Local B2C,Venetian Plaster Contractors,/services/local-venetian-plaster-applicators,Low
commercial italian stucco applicator Miami,Micro-Niche (10-100),Local B2B,Venetian Plaster Contractors,/services/commercial-venetian-plastering,Low
italian stucco applicator in Chicago,Low (100-1k),Local B2C,Venetian Plaster Contractors,/services/local-venetian-plaster-applicators,Low
commercial italian stucco applicator Chicago,Micro-Niche (10-100),Local B2B,Venetian Plaster Contractors,/services/commercial-venetian-plastering,Low
italian stucco applicator in Houston,Low (100-1k),Local B2C,Venetian Plaster Contractors,/services/local-venetian-plaster-applicators,Low
commercial italian stucco applicator Houston,Micro-Niche (10-100),Local B2B,Venetian Plaster Contractors,/services/commercial-venetian-plastering,Low
italian stucco applicator in Phoenix,Low (100-1k),Local B2C,Venetian Plaster Contractors,/services/local-venetian-plaster-applicators,Low
commercial italian stucco applicator Phoenix,Micro-Niche (10-100),Local B2B,Venetian Plaster Contractors,/services/commercial-venetian-plastering,Low
italian stucco applicator in Philadelphia,Low (100-1k),Local B2C,Venetian Plaster Contractors,/services/local-venetian-plaster-applicators,Low
commercial italian stucco applicator Philadelphia,Micro-Niche (10-100),Local B2B,Venetian Plaster Contractors,/services/commercial-venetian-plastering,Low
italian stucco applicator in San Antonio,Low (100-1k),Local B2C,Venetian Plaster Contractors,/services/local-venetian-plaster-applicators,Low
commercial italian stucco applicator San Antonio,Micro-Niche (10-100),Local B2B,Venetian Plaster Contractors,/services/commercial-venetian-plastering,Low
italian stucco applicator in San Diego,Low (100-1k),Local B2C,Venetian Plaster Contractors,/services/local-venetian-plaster-applicators,Low
commercial italian stucco applicator San Diego,Micro-Niche (10-100),Local B2B,Venetian Plaster Contractors,/services/commercial-venetian-plastering,Low
italian stucco applicator in Dallas,Low (100-1k),Local B2C,Venetian Plaster Contractors,/services/local-venetian-plaster-applicators,Low
commercial italian stucco applicator Dallas,Micro-Niche (10-100),Local B2B,Venetian Plaster Contractors,/services/commercial-venetian-plastering,Low
italian stucco applicator in San Jose,Low (100-1k),Local B2C,Venetian Plaster Contractors,/services/local-venetian-plaster-applicators,Low
commercial italian stucco applicator San Jose,Micro-Niche (10-100),Local B2B,Venetian Plaster Contractors,/services/commercial-venetian-plastering,Low
italian stucco applicator in Austin,Low (100-1k),Local B2C,Venetian Plaster Contractors,/services/local-venetian-plaster-applicators,Low
commercial italian stucco applicator Austin,Micro-Niche (10-100),Local B2B,Venetian Plaster Contractors,/services/commercial-venetian-plastering,Low
italian stucco applicator in Jacksonville,Low (100-1k),Local B2C,Venetian Plaster Contractors,/services/local-venetian-plaster-applicators,Low
commercial italian stucco applicator Jacksonville,Micro-Niche (10-100),Local B2B,Venetian Plaster Contractors,/services/commercial-venetian-plastering,Low
italian stucco applicator in San Francisco,Low (100-1k),Local B2C,Venetian Plaster Contractors,/services/local-venetian-plaster-applicators,Low
commercial italian stucco applicator San Francisco,Micro-Niche (10-100),Local B2B,Venetian Plaster Contractors,/services/commercial-venetian-plastering,Low
italian stucco applicator in Columbus,Low (100-1k),Local B2C,Venetian Plaster Contractors,/services/local-venetian-plaster-applicators,Low
commercial italian stucco applicator Columbus,Micro-Niche (10-100),Local B2B,Venetian Plaster Contractors,/services/commercial-venetian-plastering,Low
italian stucco applicator in Fort Worth,Low (100-1k),Local B2C,Venetian Plaster Contractors,/services/local-venetian-plaster-applicators,Low
commercial italian stucco applicator Fort Worth,Micro-Niche (10-100),Local B2B,Venetian Plaster Contractors,/services/commercial-venetian-plastering,Low
italian stucco applicator in Indianapolis,Low (100-1k),Local B2C,Venetian Plaster Contractors,/services/local-venetian-plaster-applicators,Low
commercial italian stucco applicator Indianapolis,Micro-Niche (10-100),Local B2B,Venetian Plaster Contractors,/services/commercial-venetian-plastering,Low
italian stucco applicator in Charlotte,Low (100-1k),Local B2C,Venetian Plaster Contractors,/services/local-venetian-plaster-applicators,Low
commercial italian stucco applicator Charlotte,Micro-Niche (10-100),Local B2B,Venetian Plaster Contractors,/services/commercial-venetian-plastering,Low
italian stucco applicator in Seattle,Low (100-1k),Local B2C,Venetian Plaster Contractors,/services/local-venetian-plaster-applicators,Low
commercial italian stucco applicator Seattle,Micro-Niche (10-100),Local B2B,Venetian Plaster Contractors,/services/commercial-venetian-plastering,Low
italian stucco applicator in Denver,Low (100-1k),Local B2C,Venetian Plaster Contractors,/services/local-venetian-plaster-applicators,Low
commercial italian stucco applicator Denver,Micro-Niche (10-100),Local B2B,Venetian Plaster Contractors,/services/commercial-venetian-plastering,Low
italian stucco applicator in Washington DC,Low (100-1k),Local B2C,Venetian Plaster Contractors,/services/local-venetian-plaster-applicators,Low
commercial italian stucco applicator Washington DC,Micro-Niche (10-100),Local B2B,Venetian Plaster Contractors,/services/commercial-venetian-plastering,Low
italian stucco applicator in Boston,Low (100-1k),Local B2C,Venetian Plaster Contractors,/services/local-venetian-plaster-applicators,Low
commercial italian stucco applicator Boston,Micro-Niche (10-100),Local B2B,Venetian Plaster Contractors,/services/commercial-venetian-plastering,Low
italian stucco applicator in El Paso,Low (100-1k),Local B2C,Venetian Plaster Contractors,/services/local-venetian-plaster-applicators,Low
commercial italian stucco applicator El Paso,Micro-Niche (10-100),Local B2B,Venetian Plaster Contractors,/services/commercial-venetian-plastering,Low
italian stucco applicator in Nashville,Low (100-1k),Local B2C,Venetian Plaster Contractors,/services/local-venetian-plaster-applicators,Low
commercial italian stucco applicator Nashville,Micro-Niche (10-100),Local B2B,Venetian Plaster Contractors,/services/commercial-venetian-plastering,Low
italian stucco applicator in Detroit,Low (100-1k),Local B2C,Venetian Plaster Contractors,/services/local-venetian-plaster-applicators,Low
commercial italian stucco applicator Detroit,Micro-Niche (10-100),Local B2B,Venetian Plaster Contractors,/services/commercial-venetian-plastering,Low
italian stucco applicator in Oklahoma City,Low (100-1k),Local B2C,Venetian Plaster Contractors,/services/local-venetian-plaster-applicators,Low
commercial italian stucco applicator Oklahoma City,Micro-Niche (10-100),Local B2B,Venetian Plaster Contractors,/services/commercial-venetian-plastering,Low
italian stucco applicator in Portland,Low (100-1k),Local B2C,Venetian Plaster Contractors,/services/local-venetian-plaster-applicators,Low
commercial italian stucco applicator Portland,Micro-Niche (10-100),Local B2B,Venetian Plaster Contractors,/services/commercial-venetian-plastering,Low
italian stucco applicator in Las Vegas,Low (100-1k),Local B2C,Venetian Plaster Contractors,/services/local-venetian-plaster-applicators,Low
commercial italian stucco applicator Las Vegas,Micro-Niche (10-100),Local B2B,Venetian Plaster Contractors,/services/commercial-venetian-plastering,Low
italian stucco applicator in Memphis,Low (100-1k),Local B2C,Venetian Plaster Contractors,/services/local-venetian-plaster-applicators,Low
commercial italian stucco applicator Memphis,Micro-Niche (10-100),Local B2B,Venetian Plaster Contractors,/services/commercial-venetian-plastering,Low
italian stucco applicator in Louisville,Low (100-1k),Local B2C,Venetian Plaster Contractors,/services/local-venetian-plaster-applicators,Low
commercial italian stucco applicator Louisville,Micro-Niche (10-100),Local B2B,Venetian Plaster Contractors,/services/commercial-venetian-plastering,Low
italian stucco applicator in Baltimore,Low (100-1k),Local B2C,Venetian Plaster Contractors,/services/local-venetian-plaster-applicators,Low
commercial italian stucco applicator Baltimore,Micro-Niche (10-100),Local B2B,Venetian Plaster Contractors,/services/commercial-venetian-plastering,Low
italian stucco applicator in Milwaukee,Low (100-1k),Local B2C,Venetian Plaster Contractors,/services/local-venetian-plaster-applicators,Low
commercial italian stucco applicator Milwaukee,Micro-Niche (10-100),Local B2B,Venetian Plaster Contractors,/services/commercial-venetian-plastering,Low
italian stucco applicator in Albuquerque,Low (100-1k),Local B2C,Venetian Plaster Contractors,/services/local-venetian-plaster-applicators,Low
commercial italian stucco applicator Albuquerque,Micro-Niche (10-100),Local B2B,Venetian Plaster Contractors,/services/commercial-venetian-plastering,Low
italian stucco applicator in Tucson,Low (100-1k),Local B2C,Venetian Plaster Contractors,/services/local-venetian-plaster-applicators,Low
commercial italian stucco applicator Tucson,Micro-Niche (10-100),Local B2B,Venetian Plaster Contractors,/services/commercial-venetian-plastering,Low
italian stucco applicator in Fresno,Low (100-1k),Local B2C,Venetian Plaster Contractors,/services/local-venetian-plaster-applicators,Low
commercial italian stucco applicator Fresno,Micro-Niche (10-100),Local B2B,Venetian Plaster Contractors,/services/commercial-venetian-plastering,Low
italian stucco applicator in Sacramento,Low (100-1k),Local B2C,Venetian Plaster Contractors,/services/local-venetian-plaster-applicators,Low
commercial italian stucco applicator Sacramento,Micro-Niche (10-100),Local B2B,Venetian Plaster Contractors,/services/commercial-venetian-plastering,Low
italian stucco applicator in Mesa,Low (100-1k),Local B2C,Venetian Plaster Contractors,/services/local-venetian-plaster-applicators,Low
commercial italian stucco applicator Mesa,Micro-Niche (10-100),Local B2B,Venetian Plaster Contractors,/services/commercial-venetian-plastering,Low
italian stucco applicator in Kansas City,Low (100-1k),Local B2C,Venetian Plaster Contractors,/services/local-venetian-plaster-applicators,Low
commercial italian stucco applicator Kansas City,Micro-Niche (10-100),Local B2B,Venetian Plaster Contractors,/services/commercial-venetian-plastering,Low
italian stucco applicator in Atlanta,Low (100-1k),Local B2C,Venetian Plaster Contractors,/services/local-venetian-plaster-applicators,Low
commercial italian stucco applicator Atlanta,Micro-Niche (10-100),Local B2B,Venetian Plaster Contractors,/services/commercial-venetian-plastering,Low
italian stucco applicator in Omaha,Low (100-1k),Local B2C,Venetian Plaster Contractors,/services/local-venetian-plaster-applicators,Low
commercial italian stucco applicator Omaha,Micro-Niche (10-100),Local B2B,Venetian Plaster Contractors,/services/commercial-venetian-plastering,Low
italian stucco applicator in Colorado Springs,Low (100-1k),Local B2C,Venetian Plaster Contractors,/services/local-venetian-plaster-applicators,Low
commercial italian stucco applicator Colorado Springs,Micro-Niche (10-100),Local B2B,Venetian Plaster Contractors,/services/commercial-venetian-plastering,Low
italian stucco applicator in Raleigh,Low (100-1k),Local B2C,Venetian Plaster Contractors,/services/local-venetian-plaster-applicators,Low
commercial italian stucco applicator Raleigh,Micro-Niche (10-100),Local B2B,Venetian Plaster Contractors,/services/commercial-venetian-plastering,Low
architectural plaster firm in New York,Low (100-1k),Local B2C,Venetian Plaster Contractors,/services/local-venetian-plaster-applicators,Low
commercial architectural plaster firm New York,Micro-Niche (10-100),Local B2B,Venetian Plaster Contractors,/services/commercial-venetian-plastering,Low
architectural plaster firm in Los Angeles,Low (100-1k),Local B2C,Venetian Plaster Contractors,/services/local-venetian-plaster-applicators,Low
commercial architectural plaster firm Los Angeles,Micro-Niche (10-100),Local B2B,Venetian Plaster Contractors,/services/commercial-venetian-plastering,Low
architectural plaster firm in Miami,Low (100-1k),Local B2C,Venetian Plaster Contractors,/services/local-venetian-plaster-applicators,Low
commercial architectural plaster firm Miami,Micro-Niche (10-100),Local B2B,Venetian Plaster Contractors,/services/commercial-venetian-plastering,Low
architectural plaster firm in Chicago,Low (100-1k),Local B2C,Venetian Plaster Contractors,/services/local-venetian-plaster-applicators,Low
commercial architectural plaster firm Chicago,Micro-Niche (10-100),Local B2B,Venetian Plaster Contractors,/services/commercial-venetian-plastering,Low
architectural plaster firm in Houston,Low (100-1k),Local B2C,Venetian Plaster Contractors,/services/local-venetian-plaster-applicators,Low
commercial architectural plaster firm Houston,Micro-Niche (10-100),Local B2B,Venetian Plaster Contractors,/services/commercial-venetian-plastering,Low
architectural plaster firm in Phoenix,Low (100-1k),Local B2C,Venetian Plaster Contractors,/services/local-venetian-plaster-applicators,Low
commercial architectural plaster firm Phoenix,Micro-Niche (10-100),Local B2B,Venetian Plaster Contractors,/services/commercial-venetian-plastering,Low
architectural plaster firm in Philadelphia,Low (100-1k),Local B2C,Venetian Plaster Contractors,/services/local-venetian-plaster-applicators,Low
commercial architectural plaster firm Philadelphia,Micro-Niche (10-100),Local B2B,Venetian Plaster Contractors,/services/commercial-venetian-plastering,Low
architectural plaster firm in San Antonio,Low (100-1k),Local B2C,Venetian Plaster Contractors,/services/local-venetian-plaster-applicators,Low
commercial architectural plaster firm San Antonio,Micro-Niche (10-100),Local B2B,Venetian Plaster Contractors,/services/commercial-venetian-plastering,Low
architectural plaster firm in San Diego,Low (100-1k),Local B2C,Venetian Plaster Contractors,/services/local-venetian-plaster-applicators,Low
commercial architectural plaster firm San Diego,Micro-Niche (10-100),Local B2B,Venetian Plaster Contractors,/services/commercial-venetian-plastering,Low
architectural plaster firm in Dallas,Low (100-1k),Local B2C,Venetian Plaster Contractors,/services/local-venetian-plaster-applicators,Low
commercial architectural plaster firm Dallas,Micro-Niche (10-100),Local B2B,Venetian Plaster Contractors,/services/commercial-venetian-plastering,Low
architectural plaster firm in San Jose,Low (100-1k),Local B2C,Venetian Plaster Contractors,/services/local-venetian-plaster-applicators,Low
commercial architectural plaster firm San Jose,Micro-Niche (10-100),Local B2B,Venetian Plaster Contractors,/services/commercial-venetian-plastering,Low
architectural plaster firm in Austin,Low (100-1k),Local B2C,Venetian Plaster Contractors,/services/local-venetian-plaster-applicators,Low
commercial architectural plaster firm Austin,Micro-Niche (10-100),Local B2B,Venetian Plaster Contractors,/services/commercial-venetian-plastering,Low
architectural plaster firm in Jacksonville,Low (100-1k),Local B2C,Venetian Plaster Contractors,/services/local-venetian-plaster-applicators,Low
commercial architectural plaster firm Jacksonville,Micro-Niche (10-100),Local B2B,Venetian Plaster Contractors,/services/commercial-venetian-plastering,Low
architectural plaster firm in San Francisco,Low (100-1k),Local B2C,Venetian Plaster Contractors,/services/local-venetian-plaster-applicators,Low
commercial architectural plaster firm San Francisco,Micro-Niche (10-100),Local B2B,Venetian Plaster Contractors,/services/commercial-venetian-plastering,Low
architectural plaster firm in Columbus,Low (100-1k),Local B2C,Venetian Plaster Contractors,/services/local-venetian-plaster-applicators,Low
commercial architectural plaster firm Columbus,Micro-Niche (10-100),Local B2B,Venetian Plaster Contractors,/services/commercial-venetian-plastering,Low
architectural plaster firm in Fort Worth,Low (100-1k),Local B2C,Venetian Plaster Contractors,/services/local-venetian-plaster-applicators,Low
commercial architectural plaster firm Fort Worth,Micro-Niche (10-100),Local B2B,Venetian Plaster Contractors,/services/commercial-venetian-plastering,Low
architectural plaster firm in Indianapolis,Low (100-1k),Local B2C,Venetian Plaster Contractors,/services/local-venetian-plaster-applicators,Low
commercial architectural plaster firm Indianapolis,Micro-Niche (10-100),Local B2B,Venetian Plaster Contractors,/services/commercial-venetian-plastering,Low
architectural plaster firm in Charlotte,Low (100-1k),Local B2C,Venetian Plaster Contractors,/services/local-venetian-plaster-applicators,Low
commercial architectural plaster firm Charlotte,Micro-Niche (10-100),Local B2B,Venetian Plaster Contractors,/services/commercial-venetian-plastering,Low
architectural plaster firm in Seattle,Low (100-1k),Local B2C,Venetian Plaster Contractors,/services/local-venetian-plaster-applicators,Low
commercial architectural plaster firm Seattle,Micro-Niche (10-100),Local B2B,Venetian Plaster Contractors,/services/commercial-venetian-plastering,Low
architectural plaster firm in Denver,Low (100-1k),Local B2C,Venetian Plaster Contractors,/services/local-venetian-plaster-applicators,Low
commercial architectural plaster firm Denver,Micro-Niche (10-100),Local B2B,Venetian Plaster Contractors,/services/commercial-venetian-plastering,Low
architectural plaster firm in Washington DC,Low (100-1k),Local B2C,Venetian Plaster Contractors,/services/local-venetian-plaster-applicators,Low
commercial architectural plaster firm Washington DC,Micro-Niche (10-100),Local B2B,Venetian Plaster Contractors,/services/commercial-venetian-plastering,Low
architectural plaster firm in Boston,Low (100-1k),Local B2C,Venetian Plaster Contractors,/services/local-venetian-plaster-applicators,Low
commercial architectural plaster firm Boston,Micro-Niche (10-100),Local B2B,Venetian Plaster Contractors,/services/commercial-venetian-plastering,Low
architectural plaster firm in El Paso,Low (100-1k),Local B2C,Venetian Plaster Contractors,/services/local-venetian-plaster-applicators,Low
commercial architectural plaster firm El Paso,Micro-Niche (10-100),Local B2B,Venetian Plaster Contractors,/services/commercial-venetian-plastering,Low
architectural plaster firm in Nashville,Low (100-1k),Local B2C,Venetian Plaster Contractors,/services/local-venetian-plaster-applicators,Low
commercial architectural plaster firm Nashville,Micro-Niche (10-100),Local B2B,Venetian Plaster Contractors,/services/commercial-venetian-plastering,Low
architectural plaster firm in Detroit,Low (100-1k),Local B2C,Venetian Plaster Contractors,/services/local-venetian-plaster-applicators,Low
commercial architectural plaster firm Detroit,Micro-Niche (10-100),Local B2B,Venetian Plaster Contractors,/services/commercial-venetian-plastering,Low
architectural plaster firm in Oklahoma City,Low (100-1k),Local B2C,Venetian Plaster Contractors,/services/local-venetian-plaster-applicators,Low
commercial architectural plaster firm Oklahoma City,Micro-Niche (10-100),Local B2B,Venetian Plaster Contractors,/services/commercial-venetian-plastering,Low
architectural plaster firm in Portland,Low (100-1k),Local B2C,Venetian Plaster Contractors,/services/local-venetian-plaster-applicators,Low
commercial architectural plaster firm Portland,Micro-Niche (10-100),Local B2B,Venetian Plaster Contractors,/services/commercial-venetian-plastering,Low
architectural plaster firm in Las Vegas,Low (100-1k),Local B2C,Venetian Plaster Contractors,/services/local-venetian-plaster-applicators,Low
commercial architectural plaster firm Las Vegas,Micro-Niche (10-100),Local B2B,Venetian Plaster Contractors,/services/commercial-venetian-plastering,Low
architectural plaster firm in Memphis,Low (100-1k),Local B2C,Venetian Plaster Contractors,/services/local-venetian-plaster-applicators,Low
commercial architectural plaster firm Memphis,Micro-Niche (10-100),Local B2B,Venetian Plaster Contractors,/services/commercial-venetian-plastering,Low
architectural plaster firm in Louisville,Low (100-1k),Local B2C,Venetian Plaster Contractors,/services/local-venetian-plaster-applicators,Low
commercial architectural plaster firm Louisville,Micro-Niche (10-100),Local B2B,Venetian Plaster Contractors,/services/commercial-venetian-plastering,Low
architectural plaster firm in Baltimore,Low (100-1k),Local B2C,Venetian Plaster Contractors,/services/local-venetian-plaster-applicators,Low
commercial architectural plaster firm Baltimore,Micro-Niche (10-100),Local B2B,Venetian Plaster Contractors,/services/commercial-venetian-plastering,Low
architectural plaster firm in Milwaukee,Low (100-1k),Local B2C,Venetian Plaster Contractors,/services/local-venetian-plaster-applicators,Low
commercial architectural plaster firm Milwaukee,Micro-Niche (10-100),Local B2B,Venetian Plaster Contractors,/services/commercial-venetian-plastering,Low
architectural plaster firm in Albuquerque,Low (100-1k),Local B2C,Venetian Plaster Contractors,/services/local-venetian-plaster-applicators,Low
commercial architectural plaster firm Albuquerque,Micro-Niche (10-100),Local B2B,Venetian Plaster Contractors,/services/commercial-venetian-plastering,Low
architectural plaster firm in Tucson,Low (100-1k),Local B2C,Venetian Plaster Contractors,/services/local-venetian-plaster-applicators,Low
commercial architectural plaster firm Tucson,Micro-Niche (10-100),Local B2B,Venetian Plaster Contractors,/services/commercial-venetian-plastering,Low
architectural plaster firm in Fresno,Low (100-1k),Local B2C,Venetian Plaster Contractors,/services/local-venetian-plaster-applicators,Low
commercial architectural plaster firm Fresno,Micro-Niche (10-100),Local B2B,Venetian Plaster Contractors,/services/commercial-venetian-plastering,Low
architectural plaster firm in Sacramento,Low (100-1k),Local B2C,Venetian Plaster Contractors,/services/local-venetian-plaster-applicators,Low
commercial architectural plaster firm Sacramento,Micro-Niche (10-100),Local B2B,Venetian Plaster Contractors,/services/commercial-venetian-plastering,Low
architectural plaster firm in Mesa,Low (100-1k),Local B2C,Venetian Plaster Contractors,/services/local-venetian-plaster-applicators,Low
commercial architectural plaster firm Mesa,Micro-Niche (10-100),Local B2B,Venetian Plaster Contractors,/services/commercial-venetian-plastering,Low
architectural plaster firm in Kansas City,Low (100-1k),Local B2C,Venetian Plaster Contractors,/services/local-venetian-plaster-applicators,Low
commercial architectural plaster firm Kansas City,Micro-Niche (10-100),Local B2B,Venetian Plaster Contractors,/services/commercial-venetian-plastering,Low
architectural plaster firm in Atlanta,Low (100-1k),Local B2C,Venetian Plaster Contractors,/services/local-venetian-plaster-applicators,Low
commercial architectural plaster firm Atlanta,Micro-Niche (10-100),Local B2B,Venetian Plaster Contractors,/services/commercial-venetian-plastering,Low
architectural plaster firm in Omaha,Low (100-1k),Local B2C,Venetian Plaster Contractors,/services/local-venetian-plaster-applicators,Low
commercial architectural plaster firm Omaha,Micro-Niche (10-100),Local B2B,Venetian Plaster Contractors,/services/commercial-venetian-plastering,Low
architectural plaster firm in Colorado Springs,Low (100-1k),Local B2C,Venetian Plaster Contractors,/services/local-venetian-plaster-applicators,Low
commercial architectural plaster firm Colorado Springs,Micro-Niche (10-100),Local B2B,Venetian Plaster Contractors,/services/commercial-venetian-plastering,Low
architectural plaster firm in Raleigh,Low (100-1k),Local B2C,Venetian Plaster Contractors,/services/local-venetian-plaster-applicators,Low
commercial architectural plaster firm Raleigh,Micro-Niche (10-100),Local B2B,Venetian Plaster Contractors,/services/commercial-venetian-plastering,Low
venetian plaster workshop studio in New York,Low (100-1k),Local B2C,Venetian Plaster Contractors,/services/local-venetian-plaster-applicators,Low
commercial venetian plaster workshop studio New York,Micro-Niche (10-100),Local B2B,Venetian Plaster Contractors,/services/commercial-venetian-plastering,Low
venetian plaster workshop studio in Los Angeles,Low (100-1k),Local B2C,Venetian Plaster Contractors,/services/local-venetian-plaster-applicators,Low
commercial venetian plaster workshop studio Los Angeles,Micro-Niche (10-100),Local B2B,Venetian Plaster Contractors,/services/commercial-venetian-plastering,Low
venetian plaster workshop studio in Miami,Low (100-1k),Local B2C,Venetian Plaster Contractors,/services/local-venetian-plaster-applicators,Low
commercial venetian plaster workshop studio Miami,Micro-Niche (10-100),Local B2B,Venetian Plaster Contractors,/services/commercial-venetian-plastering,Low
venetian plaster workshop studio in Chicago,Low (100-1k),Local B2C,Venetian Plaster Contractors,/services/local-venetian-plaster-applicators,Low
commercial venetian plaster workshop studio Chicago,Micro-Niche (10-100),Local B2B,Venetian Plaster Contractors,/services/commercial-venetian-plastering,Low
venetian plaster workshop studio in Houston,Low (100-1k),Local B2C,Venetian Plaster Contractors,/services/local-venetian-plaster-applicators,Low
commercial venetian plaster workshop studio Houston,Micro-Niche (10-100),Local B2B,Venetian Plaster Contractors,/services/commercial-venetian-plastering,Low
venetian plaster workshop studio in Phoenix,Low (100-1k),Local B2C,Venetian Plaster Contractors,/services/local-venetian-plaster-applicators,Low
commercial venetian plaster workshop studio Phoenix,Micro-Niche (10-100),Local B2B,Venetian Plaster Contractors,/services/commercial-venetian-plastering,Low
venetian plaster workshop studio in Philadelphia,Low (100-1k),Local B2C,Venetian Plaster Contractors,/services/local-venetian-plaster-applicators,Low
commercial venetian plaster workshop studio Philadelphia,Micro-Niche (10-100),Local B2B,Venetian Plaster Contractors,/services/commercial-venetian-plastering,Low
venetian plaster workshop studio in San Antonio,Low (100-1k),Local B2C,Venetian Plaster Contractors,/services/local-venetian-plaster-applicators,Low
commercial venetian plaster workshop studio San Antonio,Micro-Niche (10-100),Local B2B,Venetian Plaster Contractors,/services/commercial-venetian-plastering,Low
venetian plaster workshop studio in San Diego,Low (100-1k),Local B2C,Venetian Plaster Contractors,/services/local-venetian-plaster-applicators,Low
commercial venetian plaster workshop studio San Diego,Micro-Niche (10-100),Local B2B,Venetian Plaster Contractors,/services/commercial-venetian-plastering,Low
venetian plaster workshop studio in Dallas,Low (100-1k),Local B2C,Venetian Plaster Contractors,/services/local-venetian-plaster-applicators,Low
commercial venetian plaster workshop studio Dallas,Micro-Niche (10-100),Local B2B,Venetian Plaster Contractors,/services/commercial-venetian-plastering,Low
venetian plaster workshop studio in San Jose,Low (100-1k),Local B2C,Venetian Plaster Contractors,/services/local-venetian-plaster-applicators,Low
commercial venetian plaster workshop studio San Jose,Micro-Niche (10-100),Local B2B,Venetian Plaster Contractors,/services/commercial-venetian-plastering,Low
venetian plaster workshop studio in Austin,Low (100-1k),Local B2C,Venetian Plaster Contractors,/services/local-venetian-plaster-applicators,Low
commercial venetian plaster workshop studio Austin,Micro-Niche (10-100),Local B2B,Venetian Plaster Contractors,/services/commercial-venetian-plastering,Low
venetian plaster workshop studio in Jacksonville,Low (100-1k),Local B2C,Venetian Plaster Contractors,/services/local-venetian-plaster-applicators,Low
commercial venetian plaster workshop studio Jacksonville,Micro-Niche (10-100),Local B2B,Venetian Plaster Contractors,/services/commercial-venetian-plastering,Low
venetian plaster workshop studio in San Francisco,Low (100-1k),Local B2C,Venetian Plaster Contractors,/services/local-venetian-plaster-applicators,Low
commercial venetian plaster workshop studio San Francisco,Micro-Niche (10-100),Local B2B,Venetian Plaster Contractors,/services/commercial-venetian-plastering,Low
venetian plaster workshop studio in Columbus,Low (100-1k),Local B2C,Venetian Plaster Contractors,/services/local-venetian-plaster-applicators,Low
commercial venetian plaster workshop studio Columbus,Micro-Niche (10-100),Local B2B,Venetian Plaster Contractors,/services/commercial-venetian-plastering,Low
venetian plaster workshop studio in Fort Worth,Low (100-1k),Local B2C,Venetian Plaster Contractors,/services/local-venetian-plaster-applicators,Low
commercial venetian plaster workshop studio Fort Worth,Micro-Niche (10-100),Local B2B,Venetian Plaster Contractors,/services/commercial-venetian-plastering,Low
venetian plaster workshop studio in Indianapolis,Low (100-1k),Local B2C,Venetian Plaster Contractors,/services/local-venetian-plaster-applicators,Low
commercial venetian plaster workshop studio Indianapolis,Micro-Niche (10-100),Local B2B,Venetian Plaster Contractors,/services/commercial-venetian-plastering,Low
venetian plaster workshop studio in Charlotte,Low (100-1k),Local B2C,Venetian Plaster Contractors,/services/local-venetian-plaster-applicators,Low
commercial venetian plaster workshop studio Charlotte,Micro-Niche (10-100),Local B2B,Venetian Plaster Contractors,/services/commercial-venetian-plastering,Low
venetian plaster workshop studio in Seattle,Low (100-1k),Local B2C,Venetian Plaster Contractors,/services/local-venetian-plaster-applicators,Low
commercial venetian plaster workshop studio Seattle,Micro-Niche (10-100),Local B2B,Venetian Plaster Contractors,/services/commercial-venetian-plastering,Low
venetian plaster workshop studio in Denver,Low (100-1k),Local B2C,Venetian Plaster Contractors,/services/local-venetian-plaster-applicators,Low
commercial venetian plaster workshop studio Denver,Micro-Niche (10-100),Local B2B,Venetian Plaster Contractors,/services/commercial-venetian-plastering,Low
venetian plaster workshop studio in Washington DC,Low (100-1k),Local B2C,Venetian Plaster Contractors,/services/local-venetian-plaster-applicators,Low
commercial venetian plaster workshop studio Washington DC,Micro-Niche (10-100),Local B2B,Venetian Plaster Contractors,/services/commercial-venetian-plastering,Low
venetian plaster workshop studio in Boston,Low (100-1k),Local B2C,Venetian Plaster Contractors,/services/local-venetian-plaster-applicators,Low
commercial venetian plaster workshop studio Boston,Micro-Niche (10-100),Local B2B,Venetian Plaster Contractors,/services/commercial-venetian-plastering,Low
venetian plaster workshop studio in El Paso,Low (100-1k),Local B2C,Venetian Plaster Contractors,/services/local-venetian-plaster-applicators,Low
commercial venetian plaster workshop studio El Paso,Micro-Niche (10-100),Local B2B,Venetian Plaster Contractors,/services/commercial-venetian-plastering,Low
venetian plaster workshop studio in Nashville,Low (100-1k),Local B2C,Venetian Plaster Contractors,/services/local-venetian-plaster-applicators,Low
commercial venetian plaster workshop studio Nashville,Micro-Niche (10-100),Local B2B,Venetian Plaster Contractors,/services/commercial-venetian-plastering,Low
venetian plaster workshop studio in Detroit,Low (100-1k),Local B2C,Venetian Plaster Contractors,/services/local-venetian-plaster-applicators,Low
commercial venetian plaster workshop studio Detroit,Micro-Niche (10-100),Local B2B,Venetian Plaster Contractors,/services/commercial-venetian-plastering,Low
venetian plaster workshop studio in Oklahoma City,Low (100-1k),Local B2C,Venetian Plaster Contractors,/services/local-venetian-plaster-applicators,Low
commercial venetian plaster workshop studio Oklahoma City,Micro-Niche (10-100),Local B2B,Venetian Plaster Contractors,/services/commercial-venetian-plastering,Low
venetian plaster workshop studio in Portland,Low (100-1k),Local B2C,Venetian Plaster Contractors,/services/local-venetian-plaster-applicators,Low
commercial venetian plaster workshop studio Portland,Micro-Niche (10-100),Local B2B,Venetian Plaster Contractors,/services/commercial-venetian-plastering,Low
venetian plaster workshop studio in Las Vegas,Low (100-1k),Local B2C,Venetian Plaster Contractors,/services/local-venetian-plaster-applicators,Low
commercial venetian plaster workshop studio Las Vegas,Micro-Niche (10-100),Local B2B,Venetian Plaster Contractors,/services/commercial-venetian-plastering,Low
venetian plaster workshop studio in Memphis,Low (100-1k),Local B2C,Venetian Plaster Contractors,/services/local-venetian-plaster-applicators,Low
commercial venetian plaster workshop studio Memphis,Micro-Niche (10-100),Local B2B,Venetian Plaster Contractors,/services/commercial-venetian-plastering,Low
venetian plaster workshop studio in Louisville,Low (100-1k),Local B2C,Venetian Plaster Contractors,/services/local-venetian-plaster-applicators,Low
commercial venetian plaster workshop studio Louisville,Micro-Niche (10-100),Local B2B,Venetian Plaster Contractors,/services/commercial-venetian-plastering,Low
venetian plaster workshop studio in Baltimore,Low (100-1k),Local B2C,Venetian Plaster Contractors,/services/local-venetian-plaster-applicators,Low
commercial venetian plaster workshop studio Baltimore,Micro-Niche (10-100),Local B2B,Venetian Plaster Contractors,/services/commercial-venetian-plastering,Low
venetian plaster workshop studio in Milwaukee,Low (100-1k),Local B2C,Venetian Plaster Contractors,/services/local-venetian-plaster-applicators,Low
commercial venetian plaster workshop studio Milwaukee,Micro-Niche (10-100),Local B2B,Venetian Plaster Contractors,/services/commercial-venetian-plastering,Low
venetian plaster workshop studio in Albuquerque,Low (100-1k),Local B2C,Venetian Plaster Contractors,/services/local-venetian-plaster-applicators,Low
commercial venetian plaster workshop studio Albuquerque,Micro-Niche (10-100),Local B2B,Venetian Plaster Contractors,/services/commercial-venetian-plastering,Low
venetian plaster workshop studio in Tucson,Low (100-1k),Local B2C,Venetian Plaster Contractors,/services/local-venetian-plaster-applicators,Low
commercial venetian plaster workshop studio Tucson,Micro-Niche (10-100),Local B2B,Venetian Plaster Contractors,/services/commercial-venetian-plastering,Low
venetian plaster workshop studio in Fresno,Low (100-1k),Local B2C,Venetian Plaster Contractors,/services/local-venetian-plaster-applicators,Low
commercial venetian plaster workshop studio Fresno,Micro-Niche (10-100),Local B2B,Venetian Plaster Contractors,/services/commercial-venetian-plastering,Low
venetian plaster workshop studio in Sacramento,Low (100-1k),Local B2C,Venetian Plaster Contractors,/services/local-venetian-plaster-applicators,Low
commercial venetian plaster workshop studio Sacramento,Micro-Niche (10-100),Local B2B,Venetian Plaster Contractors,/services/commercial-venetian-plastering,Low
venetian plaster workshop studio in Mesa,Low (100-1k),Local B2C,Venetian Plaster Contractors,/services/local-venetian-plaster-applicators,Low
commercial venetian plaster workshop studio Mesa,Micro-Niche (10-100),Local B2B,Venetian Plaster Contractors,/services/commercial-venetian-plastering,Low
venetian plaster workshop studio in Kansas City,Low (100-1k),Local B2C,Venetian Plaster Contractors,/services/local-venetian-plaster-applicators,Low
commercial venetian plaster workshop studio Kansas City,Micro-Niche (10-100),Local B2B,Venetian Plaster Contractors,/services/commercial-venetian-plastering,Low
venetian plaster workshop studio in Atlanta,Low (100-1k),Local B2C,Venetian Plaster Contractors,/services/local-venetian-plaster-applicators,Low
commercial venetian plaster workshop studio Atlanta,Micro-Niche (10-100),Local B2B,Venetian Plaster Contractors,/services/commercial-venetian-plastering,Low
venetian plaster workshop studio in Omaha,Low (100-1k),Local B2C,Venetian Plaster Contractors,/services/local-venetian-plaster-applicators,Low
commercial venetian plaster workshop studio Omaha,Micro-Niche (10-100),Local B2B,Venetian Plaster Contractors,/services/commercial-venetian-plastering,Low
venetian plaster workshop studio in Colorado Springs,Low (100-1k),Local B2C,Venetian Plaster Contractors,/services/local-venetian-plaster-applicators,Low
commercial venetian plaster workshop studio Colorado Springs,Micro-Niche (10-100),Local B2B,Venetian Plaster Contractors,/services/commercial-venetian-plastering,Low
venetian plaster workshop studio in Raleigh,Low (100-1k),Local B2C,Venetian Plaster Contractors,/services/local-venetian-plaster-applicators,Low
commercial venetian plaster workshop studio Raleigh,Micro-Niche (10-100),Local B2B,Venetian Plaster Contractors,/services/commercial-venetian-plastering,Low
master decorative plasterer in New York,Low (100-1k),Local B2C,Venetian Plaster Contractors,/services/local-venetian-plaster-applicators,Low
commercial master decorative plasterer New York,Micro-Niche (10-100),Local B2B,Venetian Plaster Contractors,/services/commercial-venetian-plastering,Low
master decorative plasterer in Los Angeles,Low (100-1k),Local B2C,Venetian Plaster Contractors,/services/local-venetian-plaster-applicators,Low
commercial master decorative plasterer Los Angeles,Micro-Niche (10-100),Local B2B,Venetian Plaster Contractors,/services/commercial-venetian-plastering,Low
master decorative plasterer in Miami,Low (100-1k),Local B2C,Venetian Plaster Contractors,/services/local-venetian-plaster-applicators,Low
commercial master decorative plasterer Miami,Micro-Niche (10-100),Local B2B,Venetian Plaster Contractors,/services/commercial-venetian-plastering,Low
master decorative plasterer in Chicago,Low (100-1k),Local B2C,Venetian Plaster Contractors,/services/local-venetian-plaster-applicators,Low
commercial master decorative plasterer Chicago,Micro-Niche (10-100),Local B2B,Venetian Plaster Contractors,/services/commercial-venetian-plastering,Low
master decorative plasterer in Houston,Low (100-1k),Local B2C,Venetian Plaster Contractors,/services/local-venetian-plaster-applicators,Low
commercial master decorative plasterer Houston,Micro-Niche (10-100),Local B2B,Venetian Plaster Contractors,/services/commercial-venetian-plastering,Low
master decorative plasterer in Phoenix,Low (100-1k),Local B2C,Venetian Plaster Contractors,/services/local-venetian-plaster-applicators,Low
commercial master decorative plasterer Phoenix,Micro-Niche (10-100),Local B2B,Venetian Plaster Contractors,/services/commercial-venetian-plastering,Low
master decorative plasterer in Philadelphia,Low (100-1k),Local B2C,Venetian Plaster Contractors,/services/local-venetian-plaster-applicators,Low
commercial master decorative plasterer Philadelphia,Micro-Niche (10-100),Local B2B,Venetian Plaster Contractors,/services/commercial-venetian-plastering,Low
master decorative plasterer in San Antonio,Low (100-1k),Local B2C,Venetian Plaster Contractors,/services/local-venetian-plaster-applicators,Low
commercial master decorative plasterer San Antonio,Micro-Niche (10-100),Local B2B,Venetian Plaster Contractors,/services/commercial-venetian-plastering,Low
master decorative plasterer in San Diego,Low (100-1k),Local B2C,Venetian Plaster Contractors,/services/local-venetian-plaster-applicators,Low
commercial master decorative plasterer San Diego,Micro-Niche (10-100),Local B2B,Venetian Plaster Contractors,/services/commercial-venetian-plastering,Low
master decorative plasterer in Dallas,Low (100-1k),Local B2C,Venetian Plaster Contractors,/services/local-venetian-plaster-applicators,Low
commercial master decorative plasterer Dallas,Micro-Niche (10-100),Local B2B,Venetian Plaster Contractors,/services/commercial-venetian-plastering,Low
master decorative plasterer in San Jose,Low (100-1k),Local B2C,Venetian Plaster Contractors,/services/local-venetian-plaster-applicators,Low
commercial master decorative plasterer San Jose,Micro-Niche (10-100),Local B2B,Venetian Plaster Contractors,/services/commercial-venetian-plastering,Low
master decorative plasterer in Austin,Low (100-1k),Local B2C,Venetian Plaster Contractors,/services/local-venetian-plaster-applicators,Low
commercial master decorative plasterer Austin,Micro-Niche (10-100),Local B2B,Venetian Plaster Contractors,/services/commercial-venetian-plastering,Low
master decorative plasterer in Jacksonville,Low (100-1k),Local B2C,Venetian Plaster Contractors,/services/local-venetian-plaster-applicators,Low
commercial master decorative plasterer Jacksonville,Micro-Niche (10-100),Local B2B,Venetian Plaster Contractors,/services/commercial-venetian-plastering,Low
master decorative plasterer in San Francisco,Low (100-1k),Local B2C,Venetian Plaster Contractors,/services/local-venetian-plaster-applicators,Low
commercial master decorative plasterer San Francisco,Micro-Niche (10-100),Local B2B,Venetian Plaster Contractors,/services/commercial-venetian-plastering,Low
master decorative plasterer in Columbus,Low (100-1k),Local B2C,Venetian Plaster Contractors,/services/local-venetian-plaster-applicators,Low
commercial master decorative plasterer Columbus,Micro-Niche (10-100),Local B2B,Venetian Plaster Contractors,/services/commercial-venetian-plastering,Low
master decorative plasterer in Fort Worth,Low (100-1k),Local B2C,Venetian Plaster Contractors,/services/local-venetian-plaster-applicators,Low
commercial master decorative plasterer Fort Worth,Micro-Niche (10-100),Local B2B,Venetian Plaster Contractors,/services/commercial-venetian-plastering,Low
master decorative plasterer in Indianapolis,Low (100-1k),Local B2C,Venetian Plaster Contractors,/services/local-venetian-plaster-applicators,Low
commercial master decorative plasterer Indianapolis,Micro-Niche (10-100),Local B2B,Venetian Plaster Contractors,/services/commercial-venetian-plastering,Low
master decorative plasterer in Charlotte,Low (100-1k),Local B2C,Venetian Plaster Contractors,/services/local-venetian-plaster-applicators,Low
commercial master decorative plasterer Charlotte,Micro-Niche (10-100),Local B2B,Venetian Plaster Contractors,/services/commercial-venetian-plastering,Low
master decorative plasterer in Seattle,Low (100-1k),Local B2C,Venetian Plaster Contractors,/services/local-venetian-plaster-applicators,Low
commercial master decorative plasterer Seattle,Micro-Niche (10-100),Local B2B,Venetian Plaster Contractors,/services/commercial-venetian-plastering,Low
master decorative plasterer in Denver,Low (100-1k),Local B2C,Venetian Plaster Contractors,/services/local-venetian-plaster-applicators,Low
commercial master decorative plasterer Denver,Micro-Niche (10-100),Local B2B,Venetian Plaster Contractors,/services/commercial-venetian-plastering,Low
master decorative plasterer in Washington DC,Low (100-1k),Local B2C,Venetian Plaster Contractors,/services/local-venetian-plaster-applicators,Low
commercial master decorative plasterer Washington DC,Micro-Niche (10-100),Local B2B,Venetian Plaster Contractors,/services/commercial-venetian-plastering,Low
master decorative plasterer in Boston,Low (100-1k),Local B2C,Venetian Plaster Contractors,/services/local-venetian-plaster-applicators,Low
commercial master decorative plasterer Boston,Micro-Niche (10-100),Local B2B,Venetian Plaster Contractors,/services/commercial-venetian-plastering,Low
master decorative plasterer in El Paso,Low (100-1k),Local B2C,Venetian Plaster Contractors,/services/local-venetian-plaster-applicators,Low
commercial master decorative plasterer El Paso,Micro-Niche (10-100),Local B2B,Venetian Plaster Contractors,/services/commercial-venetian-plastering,Low
master decorative plasterer in Nashville,Low (100-1k),Local B2C,Venetian Plaster Contractors,/services/local-venetian-plaster-applicators,Low
commercial master decorative plasterer Nashville,Micro-Niche (10-100),Local B2B,Venetian Plaster Contractors,/services/commercial-venetian-plastering,Low
master decorative plasterer in Detroit,Low (100-1k),Local B2C,Venetian Plaster Contractors,/services/local-venetian-plaster-applicators,Low
commercial master decorative plasterer Detroit,Micro-Niche (10-100),Local B2B,Venetian Plaster Contractors,/services/commercial-venetian-plastering,Low
master decorative plasterer in Oklahoma City,Low (100-1k),Local B2C,Venetian Plaster Contractors,/services/local-venetian-plaster-applicators,Low
commercial master decorative plasterer Oklahoma City,Micro-Niche (10-100),Local B2B,Venetian Plaster Contractors,/services/commercial-venetian-plastering,Low
master decorative plasterer in Portland,Low (100-1k),Local B2C,Venetian Plaster Contractors,/services/local-venetian-plaster-applicators,Low
commercial master decorative plasterer Portland,Micro-Niche (10-100),Local B2B,Venetian Plaster Contractors,/services/commercial-venetian-plastering,Low
master decorative plasterer in Las Vegas,Low (100-1k),Local B2C,Venetian Plaster Contractors,/services/local-venetian-plaster-applicators,Low
commercial master decorative plasterer Las Vegas,Micro-Niche (10-100),Local B2B,Venetian Plaster Contractors,/services/commercial-venetian-plastering,Low
master decorative plasterer in Memphis,Low (100-1k),Local B2C,Venetian Plaster Contractors,/services/local-venetian-plaster-applicators,Low
commercial master decorative plasterer Memphis,Micro-Niche (10-100),Local B2B,Venetian Plaster Contractors,/services/commercial-venetian-plastering,Low
master decorative plasterer in Louisville,Low (100-1k),Local B2C,Venetian Plaster Contractors,/services/local-venetian-plaster-applicators,Low
commercial master decorative plasterer Louisville,Micro-Niche (10-100),Local B2B,Venetian Plaster Contractors,/services/commercial-venetian-plastering,Low
master decorative plasterer in Baltimore,Low (100-1k),Local B2C,Venetian Plaster Contractors,/services/local-venetian-plaster-applicators,Low
commercial master decorative plasterer Baltimore,Micro-Niche (10-100),Local B2B,Venetian Plaster Contractors,/services/commercial-venetian-plastering,Low
master decorative plasterer in Milwaukee,Low (100-1k),Local B2C,Venetian Plaster Contractors,/services/local-venetian-plaster-applicators,Low
commercial master decorative plasterer Milwaukee,Micro-Niche (10-100),Local B2B,Venetian Plaster Contractors,/services/commercial-venetian-plastering,Low
master decorative plasterer in Albuquerque,Low (100-1k),Local B2C,Venetian Plaster Contractors,/services/local-venetian-plaster-applicators,Low
commercial master decorative plasterer Albuquerque,Micro-Niche (10-100),Local B2B,Venetian Plaster Contractors,/services/commercial-venetian-plastering,Low
master decorative plasterer in Tucson,Low (100-1k),Local B2C,Venetian Plaster Contractors,/services/local-venetian-plaster-applicators,Low
commercial master decorative plasterer Tucson,Micro-Niche (10-100),Local B2B,Venetian Plaster Contractors,/services/commercial-venetian-plastering,Low
master decorative plasterer in Fresno,Low (100-1k),Local B2C,Venetian Plaster Contractors,/services/local-venetian-plaster-applicators,Low
commercial master decorative plasterer Fresno,Micro-Niche (10-100),Local B2B,Venetian Plaster Contractors,/services/commercial-venetian-plastering,Low
master decorative plasterer in Sacramento,Low (100-1k),Local B2C,Venetian Plaster Contractors,/services/local-venetian-plaster-applicators,Low
commercial master decorative plasterer Sacramento,Micro-Niche (10-100),Local B2B,Venetian Plaster Contractors,/services/commercial-venetian-plastering,Low
master decorative plasterer in Mesa,Low (100-1k),Local B2C,Venetian Plaster Contractors,/services/local-venetian-plaster-applicators,Low
commercial master decorative plasterer Mesa,Micro-Niche (10-100),Local B2B,Venetian Plaster Contractors,/services/commercial-venetian-plastering,Low
master decorative plasterer in Kansas City,Low (100-1k),Local B2C,Venetian Plaster Contractors,/services/local-venetian-plaster-applicators,Low
commercial master decorative plasterer Kansas City,Micro-Niche (10-100),Local B2B,Venetian Plaster Contractors,/services/commercial-venetian-plastering,Low
master decorative plasterer in Atlanta,Low (100-1k),Local B2C,Venetian Plaster Contractors,/services/local-venetian-plaster-applicators,Low
commercial master decorative plasterer Atlanta,Micro-Niche (10-100),Local B2B,Venetian Plaster Contractors,/services/commercial-venetian-plastering,Low
master decorative plasterer in Omaha,Low (100-1k),Local B2C,Venetian Plaster Contractors,/services/local-venetian-plaster-applicators,Low
commercial master decorative plasterer Omaha,Micro-Niche (10-100),Local B2B,Venetian Plaster Contractors,/services/commercial-venetian-plastering,Low
master decorative plasterer in Colorado Springs,Low (100-1k),Local B2C,Venetian Plaster Contractors,/services/local-venetian-plaster-applicators,Low
commercial master decorative plasterer Colorado Springs,Micro-Niche (10-100),Local B2B,Venetian Plaster Contractors,/services/commercial-venetian-plastering,Low
master decorative plasterer in Raleigh,Low (100-1k),Local B2C,Venetian Plaster Contractors,/services/local-venetian-plaster-applicators,Low
commercial master decorative plasterer Raleigh,Micro-Niche (10-100),Local B2B,Venetian Plaster Contractors,/services/commercial-venetian-plastering,Low
custom wall texture contractor in New York,Low (100-1k),Local B2C,Venetian Plaster Contractors,/services/local-venetian-plaster-applicators,Low
commercial custom wall texture contractor New York,Micro-Niche (10-100),Local B2B,Venetian Plaster Contractors,/services/commercial-venetian-plastering,Low
custom wall texture contractor in Los Angeles,Low (100-1k),Local B2C,Venetian Plaster Contractors,/services/local-venetian-plaster-applicators,Low
commercial custom wall texture contractor Los Angeles,Micro-Niche (10-100),Local B2B,Venetian Plaster Contractors,/services/commercial-venetian-plastering,Low
custom wall texture contractor in Miami,Low (100-1k),Local B2C,Venetian Plaster Contractors,/services/local-venetian-plaster-applicators,Low
commercial custom wall texture contractor Miami,Micro-Niche (10-100),Local B2B,Venetian Plaster Contractors,/services/commercial-venetian-plastering,Low
custom wall texture contractor in Chicago,Low (100-1k),Local B2C,Venetian Plaster Contractors,/services/local-venetian-plaster-applicators,Low
commercial custom wall texture contractor Chicago,Micro-Niche (10-100),Local B2B,Venetian Plaster Contractors,/services/commercial-venetian-plastering,Low
custom wall texture contractor in Houston,Low (100-1k),Local B2C,Venetian Plaster Contractors,/services/local-venetian-plaster-applicators,Low
commercial custom wall texture contractor Houston,Micro-Niche (10-100),Local B2B,Venetian Plaster Contractors,/services/commercial-venetian-plastering,Low
custom wall texture contractor in Phoenix,Low (100-1k),Local B2C,Venetian Plaster Contractors,/services/local-venetian-plaster-applicators,Low
commercial custom wall texture contractor Phoenix,Micro-Niche (10-100),Local B2B,Venetian Plaster Contractors,/services/commercial-venetian-plastering,Low
custom wall texture contractor in Philadelphia,Low (100-1k),Local B2C,Venetian Plaster Contractors,/services/local-venetian-plaster-applicators,Low
commercial custom wall texture contractor Philadelphia,Micro-Niche (10-100),Local B2B,Venetian Plaster Contractors,/services/commercial-venetian-plastering,Low
custom wall texture contractor in San Antonio,Low (100-1k),Local B2C,Venetian Plaster Contractors,/services/local-venetian-plaster-applicators,Low
commercial custom wall texture contractor San Antonio,Micro-Niche (10-100),Local B2B,Venetian Plaster Contractors,/services/commercial-venetian-plastering,Low
custom wall texture contractor in San Diego,Low (100-1k),Local B2C,Venetian Plaster Contractors,/services/local-venetian-plaster-applicators,Low
commercial custom wall texture contractor San Diego,Micro-Niche (10-100),Local B2B,Venetian Plaster Contractors,/services/commercial-venetian-plastering,Low
custom wall texture contractor in Dallas,Low (100-1k),Local B2C,Venetian Plaster Contractors,/services/local-venetian-plaster-applicators,Low
commercial custom wall texture contractor Dallas,Micro-Niche (10-100),Local B2B,Venetian Plaster Contractors,/services/commercial-venetian-plastering,Low
custom wall texture contractor in San Jose,Low (100-1k),Local B2C,Venetian Plaster Contractors,/services/local-venetian-plaster-applicators,Low
commercial custom wall texture contractor San Jose,Micro-Niche (10-100),Local B2B,Venetian Plaster Contractors,/services/commercial-venetian-plastering,Low
custom wall texture contractor in Austin,Low (100-1k),Local B2C,Venetian Plaster Contractors,/services/local-venetian-plaster-applicators,Low
commercial custom wall texture contractor Austin,Micro-Niche (10-100),Local B2B,Venetian Plaster Contractors,/services/commercial-venetian-plastering,Low
custom wall texture contractor in Jacksonville,Low (100-1k),Local B2C,Venetian Plaster Contractors,/services/local-venetian-plaster-applicators,Low
commercial custom wall texture contractor Jacksonville,Micro-Niche (10-100),Local B2B,Venetian Plaster Contractors,/services/commercial-venetian-plastering,Low
custom wall texture contractor in San Francisco,Low (100-1k),Local B2C,Venetian Plaster Contractors,/services/local-venetian-plaster-applicators,Low
commercial custom wall texture contractor San Francisco,Micro-Niche (10-100),Local B2B,Venetian Plaster Contractors,/services/commercial-venetian-plastering,Low
custom wall texture contractor in Columbus,Low (100-1k),Local B2C,Venetian Plaster Contractors,/services/local-venetian-plaster-applicators,Low
commercial custom wall texture contractor Columbus,Micro-Niche (10-100),Local B2B,Venetian Plaster Contractors,/services/commercial-venetian-plastering,Low
custom wall texture contractor in Fort Worth,Low (100-1k),Local B2C,Venetian Plaster Contractors,/services/local-venetian-plaster-applicators,Low
commercial custom wall texture contractor Fort Worth,Micro-Niche (10-100),Local B2B,Venetian Plaster Contractors,/services/commercial-venetian-plastering,Low
custom wall texture contractor in Indianapolis,Low (100-1k),Local B2C,Venetian Plaster Contractors,/services/local-venetian-plaster-applicators,Low
commercial custom wall texture contractor Indianapolis,Micro-Niche (10-100),Local B2B,Venetian Plaster Contractors,/services/commercial-venetian-plastering,Low
custom wall texture contractor in Charlotte,Low (100-1k),Local B2C,Venetian Plaster Contractors,/services/local-venetian-plaster-applicators,Low
commercial custom wall texture contractor Charlotte,Micro-Niche (10-100),Local B2B,Venetian Plaster Contractors,/services/commercial-venetian-plastering,Low
custom wall texture contractor in Seattle,Low (100-1k),Local B2C,Venetian Plaster Contractors,/services/local-venetian-plaster-applicators,Low
commercial custom wall texture contractor Seattle,Micro-Niche (10-100),Local B2B,Venetian Plaster Contractors,/services/commercial-venetian-plastering,Low
custom wall texture contractor in Denver,Low (100-1k),Local B2C,Venetian Plaster Contractors,/services/local-venetian-plaster-applicators,Low
commercial custom wall texture contractor Denver,Micro-Niche (10-100),Local B2B,Venetian Plaster Contractors,/services/commercial-venetian-plastering,Low
custom wall texture contractor in Washington DC,Low (100-1k),Local B2C,Venetian Plaster Contractors,/services/local-venetian-plaster-applicators,Low
commercial custom wall texture contractor Washington DC,Micro-Niche (10-100),Local B2B,Venetian Plaster Contractors,/services/commercial-venetian-plastering,Low
custom wall texture contractor in Boston,Low (100-1k),Local B2C,Venetian Plaster Contractors,/services/local-venetian-plaster-applicators,Low
commercial custom wall texture contractor Boston,Micro-Niche (10-100),Local B2B,Venetian Plaster Contractors,/services/commercial-venetian-plastering,Low
custom wall texture contractor in El Paso,Low (100-1k),Local B2C,Venetian Plaster Contractors,/services/local-venetian-plaster-applicators,Low
commercial custom wall texture contractor El Paso,Micro-Niche (10-100),Local B2B,Venetian Plaster Contractors,/services/commercial-venetian-plastering,Low
custom wall texture contractor in Nashville,Low (100-1k),Local B2C,Venetian Plaster Contractors,/services/local-venetian-plaster-applicators,Low
commercial custom wall texture contractor Nashville,Micro-Niche (10-100),Local B2B,Venetian Plaster Contractors,/services/commercial-venetian-plastering,Low
custom wall texture contractor in Detroit,Low (100-1k),Local B2C,Venetian Plaster Contractors,/services/local-venetian-plaster-applicators,Low
commercial custom wall texture contractor Detroit,Micro-Niche (10-100),Local B2B,Venetian Plaster Contractors,/services/commercial-venetian-plastering,Low
custom wall texture contractor in Oklahoma City,Low (100-1k),Local B2C,Venetian Plaster Contractors,/services/local-venetian-plaster-applicators,Low
commercial custom wall texture contractor Oklahoma City,Micro-Niche (10-100),Local B2B,Venetian Plaster Contractors,/services/commercial-venetian-plastering,Low
custom wall texture contractor in Portland,Low (100-1k),Local B2C,Venetian Plaster Contractors,/services/local-venetian-plaster-applicators,Low
commercial custom wall texture contractor Portland,Micro-Niche (10-100),Local B2B,Venetian Plaster Contractors,/services/commercial-venetian-plastering,Low
custom wall texture contractor in Las Vegas,Low (100-1k),Local B2C,Venetian Plaster Contractors,/services/local-venetian-plaster-applicators,Low
commercial custom wall texture contractor Las Vegas,Micro-Niche (10-100),Local B2B,Venetian Plaster Contractors,/services/commercial-venetian-plastering,Low
custom wall texture contractor in Memphis,Low (100-1k),Local B2C,Venetian Plaster Contractors,/services/local-venetian-plaster-applicators,Low
commercial custom wall texture contractor Memphis,Micro-Niche (10-100),Local B2B,Venetian Plaster Contractors,/services/commercial-venetian-plastering,Low
custom wall texture contractor in Louisville,Low (100-1k),Local B2C,Venetian Plaster Contractors,/services/local-venetian-plaster-applicators,Low
commercial custom wall texture contractor Louisville,Micro-Niche (10-100),Local B2B,Venetian Plaster Contractors,/services/commercial-venetian-plastering,Low
custom wall texture contractor in Baltimore,Low (100-1k),Local B2C,Venetian Plaster Contractors,/services/local-venetian-plaster-applicators,Low
commercial custom wall texture contractor Baltimore,Micro-Niche (10-100),Local B2B,Venetian Plaster Contractors,/services/commercial-venetian-plastering,Low
custom wall texture contractor in Milwaukee,Low (100-1k),Local B2C,Venetian Plaster Contractors,/services/local-venetian-plaster-applicators,Low
commercial custom wall texture contractor Milwaukee,Micro-Niche (10-100),Local B2B,Venetian Plaster Contractors,/services/commercial-venetian-plastering,Low
custom wall texture contractor in Albuquerque,Low (100-1k),Local B2C,Venetian Plaster Contractors,/services/local-venetian-plaster-applicators,Low
commercial custom wall texture contractor Albuquerque,Micro-Niche (10-100),Local B2B,Venetian Plaster Contractors,/services/commercial-venetian-plastering,Low
custom wall texture contractor in Tucson,Low (100-1k),Local B2C,Venetian Plaster Contractors,/services/local-venetian-plaster-applicators,Low
commercial custom wall texture contractor Tucson,Micro-Niche (10-100),Local B2B,Venetian Plaster Contractors,/services/commercial-venetian-plastering,Low
custom wall texture contractor in Fresno,Low (100-1k),Local B2C,Venetian Plaster Contractors,/services/local-venetian-plaster-applicators,Low
commercial custom wall texture contractor Fresno,Micro-Niche (10-100),Local B2B,Venetian Plaster Contractors,/services/commercial-venetian-plastering,Low
custom wall texture contractor in Sacramento,Low (100-1k),Local B2C,Venetian Plaster Contractors,/services/local-venetian-plaster-applicators,Low
commercial custom wall texture contractor Sacramento,Micro-Niche (10-100),Local B2B,Venetian Plaster Contractors,/services/commercial-venetian-plastering,Low
custom wall texture contractor in Mesa,Low (100-1k),Local B2C,Venetian Plaster Contractors,/services/local-venetian-plaster-applicators,Low
commercial custom wall texture contractor Mesa,Micro-Niche (10-100),Local B2B,Venetian Plaster Contractors,/services/commercial-venetian-plastering,Low
custom wall texture contractor in Kansas City,Low (100-1k),Local B2C,Venetian Plaster Contractors,/services/local-venetian-plaster-applicators,Low
commercial custom wall texture contractor Kansas City,Micro-Niche (10-100),Local B2B,Venetian Plaster Contractors,/services/commercial-venetian-plastering,Low
custom wall texture contractor in Atlanta,Low (100-1k),Local B2C,Venetian Plaster Contractors,/services/local-venetian-plaster-applicators,Low
commercial custom wall texture contractor Atlanta,Micro-Niche (10-100),Local B2B,Venetian Plaster Contractors,/services/commercial-venetian-plastering,Low
custom wall texture contractor in Omaha,Low (100-1k),Local B2C,Venetian Plaster Contractors,/services/local-venetian-plaster-applicators,Low
commercial custom wall texture contractor Omaha,Micro-Niche (10-100),Local B2B,Venetian Plaster Contractors,/services/commercial-venetian-plastering,Low
custom wall texture contractor in Colorado Springs,Low (100-1k),Local B2C,Venetian Plaster Contractors,/services/local-venetian-plaster-applicators,Low
commercial custom wall texture contractor Colorado Springs,Micro-Niche (10-100),Local B2B,Venetian Plaster Contractors,/services/commercial-venetian-plastering,Low
custom wall texture contractor in Raleigh,Low (100-1k),Local B2C,Venetian Plaster Contractors,/services/local-venetian-plaster-applicators,Low
commercial custom wall texture contractor Raleigh,Micro-Niche (10-100),Local B2B,Venetian Plaster Contractors,/services/commercial-venetian-plastering,Low
marmorino naturale wall finish texture,Medium (1k-5k),Commercial,Marmorino & Textured Finishes,/products/marmorino-naturale,Medium
how to achieve marmorino naturale effect,Medium (1k-5k),Informational,Marmorino & Textured Finishes,/guides/how-to-apply-venetian-plaster,Medium
marmorino naturale cost per square foot,High (5k-50k),Commercial,Marmorino & Textured Finishes,/guides/venetian-plaster-cost-per-sq-ft,Medium
custom tint marmorino naturale plaster,Low (100-1k),Transactional/Product-led,Marmorino & Textured Finishes,/products/marmorino-naturale,Low
marmorino naturale for luxury interior design,Medium (1k-5k),Local B2C,Marmorino & Textured Finishes,/products/marmorino-naturale,Medium
marmorino naturale sealing wax protection,Low (100-1k),Informational,Marmorino & Textured Finishes,/guides/lime-plaster-care-waxing,Low
marmorino naturale sample board order,Low (100-1k),Transactional/Product-led,Marmorino & Textured Finishes,/atelier,Low
marmorino naturale acoustic insulation properties,Micro-Niche (10-100),Informational,Marmorino & Textured Finishes,/products/marmorino-naturale,Low
marmorino fine wall finish texture,Medium (1k-5k),Commercial,Marmorino & Textured Finishes,/products/marmorino-naturale,Medium
how to achieve marmorino fine effect,Medium (1k-5k),Informational,Marmorino & Textured Finishes,/guides/how-to-apply-venetian-plaster,Medium
marmorino fine cost per square foot,High (5k-50k),Commercial,Marmorino & Textured Finishes,/guides/venetian-plaster-cost-per-sq-ft,Medium
custom tint marmorino fine plaster,Low (100-1k),Transactional/Product-led,Marmorino & Textured Finishes,/products/marmorino-naturale,Low
marmorino fine for luxury interior design,Medium (1k-5k),Local B2C,Marmorino & Textured Finishes,/products/marmorino-naturale,Medium
marmorino fine sealing wax protection,Low (100-1k),Informational,Marmorino & Textured Finishes,/guides/lime-plaster-care-waxing,Low
marmorino fine sample board order,Low (100-1k),Transactional/Product-led,Marmorino & Textured Finishes,/atelier,Low
marmorino fine acoustic insulation properties,Micro-Niche (10-100),Informational,Marmorino & Textured Finishes,/products/marmorino-naturale,Low
marmorino carrara wall finish texture,Medium (1k-5k),Commercial,Marmorino & Textured Finishes,/products/marmorino-naturale,Medium
how to achieve marmorino carrara effect,Medium (1k-5k),Informational,Marmorino & Textured Finishes,/guides/how-to-apply-venetian-plaster,Medium
marmorino carrara cost per square foot,High (5k-50k),Commercial,Marmorino & Textured Finishes,/guides/venetian-plaster-cost-per-sq-ft,Medium
custom tint marmorino carrara plaster,Low (100-1k),Transactional/Product-led,Marmorino & Textured Finishes,/products/marmorino-naturale,Low
marmorino carrara for luxury interior design,Medium (1k-5k),Local B2C,Marmorino & Textured Finishes,/products/marmorino-naturale,Medium
marmorino carrara sealing wax protection,Low (100-1k),Informational,Marmorino & Textured Finishes,/guides/lime-plaster-care-waxing,Low
marmorino carrara sample board order,Low (100-1k),Transactional/Product-led,Marmorino & Textured Finishes,/atelier,Low
marmorino carrara acoustic insulation properties,Micro-Niche (10-100),Informational,Marmorino & Textured Finishes,/products/marmorino-naturale,Low
travertine plaster finish wall finish texture,Medium (1k-5k),Commercial,Marmorino & Textured Finishes,/products/marmorino-naturale,Medium
how to achieve travertine plaster finish effect,Medium (1k-5k),Informational,Marmorino & Textured Finishes,/guides/how-to-apply-venetian-plaster,Medium
travertine plaster finish cost per square foot,High (5k-50k),Commercial,Marmorino & Textured Finishes,/guides/venetian-plaster-cost-per-sq-ft,Medium
custom tint travertine plaster finish plaster,Low (100-1k),Transactional/Product-led,Marmorino & Textured Finishes,/products/marmorino-naturale,Low
travertine plaster finish for luxury interior design,Medium (1k-5k),Local B2C,Marmorino & Textured Finishes,/products/marmorino-naturale,Medium
travertine plaster finish sealing wax protection,Low (100-1k),Informational,Marmorino & Textured Finishes,/guides/lime-plaster-care-waxing,Low
travertine plaster finish sample board order,Low (100-1k),Transactional/Product-led,Marmorino & Textured Finishes,/atelier,Low
travertine plaster finish acoustic insulation properties,Micro-Niche (10-100),Informational,Marmorino & Textured Finishes,/products/marmorino-naturale,Low
concrete effect marmorino wall finish texture,Medium (1k-5k),Commercial,Marmorino & Textured Finishes,/products/marmorino-naturale,Medium
how to achieve concrete effect marmorino effect,Medium (1k-5k),Informational,Marmorino & Textured Finishes,/guides/how-to-apply-venetian-plaster,Medium
concrete effect marmorino cost per square foot,High (5k-50k),Commercial,Marmorino & Textured Finishes,/guides/venetian-plaster-cost-per-sq-ft,Medium
custom tint concrete effect marmorino plaster,Low (100-1k),Transactional/Product-led,Marmorino & Textured Finishes,/products/marmorino-naturale,Low
concrete effect marmorino for luxury interior design,Medium (1k-5k),Local B2C,Marmorino & Textured Finishes,/products/marmorino-naturale,Medium
concrete effect marmorino sealing wax protection,Low (100-1k),Informational,Marmorino & Textured Finishes,/guides/lime-plaster-care-waxing,Low
concrete effect marmorino sample board order,Low (100-1k),Transactional/Product-led,Marmorino & Textured Finishes,/atelier,Low
concrete effect marmorino acoustic insulation properties,Micro-Niche (10-100),Informational,Marmorino & Textured Finishes,/products/marmorino-naturale,Low
pitted marmorino texture wall finish texture,Medium (1k-5k),Commercial,Marmorino & Textured Finishes,/products/marmorino-naturale,Medium
how to achieve pitted marmorino texture effect,Medium (1k-5k),Informational,Marmorino & Textured Finishes,/guides/how-to-apply-venetian-plaster,Medium
pitted marmorino texture cost per square foot,High (5k-50k),Commercial,Marmorino & Textured Finishes,/guides/venetian-plaster-cost-per-sq-ft,Medium
custom tint pitted marmorino texture plaster,Low (100-1k),Transactional/Product-led,Marmorino & Textured Finishes,/products/marmorino-naturale,Low
pitted marmorino texture for luxury interior design,Medium (1k-5k),Local B2C,Marmorino & Textured Finishes,/products/marmorino-naturale,Medium
pitted marmorino texture sealing wax protection,Low (100-1k),Informational,Marmorino & Textured Finishes,/guides/lime-plaster-care-waxing,Low
pitted marmorino texture sample board order,Low (100-1k),Transactional/Product-led,Marmorino & Textured Finishes,/atelier,Low
pitted marmorino texture acoustic insulation properties,Micro-Niche (10-100),Informational,Marmorino & Textured Finishes,/products/marmorino-naturale,Low
satin stone wall finish wall finish texture,Medium (1k-5k),Commercial,Marmorino & Textured Finishes,/products/marmorino-naturale,Medium
how to achieve satin stone wall finish effect,Medium (1k-5k),Informational,Marmorino & Textured Finishes,/guides/how-to-apply-venetian-plaster,Medium
satin stone wall finish cost per square foot,High (5k-50k),Commercial,Marmorino & Textured Finishes,/guides/venetian-plaster-cost-per-sq-ft,Medium
custom tint satin stone wall finish plaster,Low (100-1k),Transactional/Product-led,Marmorino & Textured Finishes,/products/marmorino-naturale,Low
satin stone wall finish for luxury interior design,Medium (1k-5k),Local B2C,Marmorino & Textured Finishes,/products/marmorino-naturale,Medium
satin stone wall finish sealing wax protection,Low (100-1k),Informational,Marmorino & Textured Finishes,/guides/lime-plaster-care-waxing,Low
satin stone wall finish sample board order,Low (100-1k),Transactional/Product-led,Marmorino & Textured Finishes,/atelier,Low
satin stone wall finish acoustic insulation properties,Micro-Niche (10-100),Informational,Marmorino & Textured Finishes,/products/marmorino-naturale,Low
marmorino coarse stucco wall finish texture,Medium (1k-5k),Commercial,Marmorino & Textured Finishes,/products/marmorino-naturale,Medium
how to achieve marmorino coarse stucco effect,Medium (1k-5k),Informational,Marmorino & Textured Finishes,/guides/how-to-apply-venetian-plaster,Medium
marmorino coarse stucco cost per square foot,High (5k-50k),Commercial,Marmorino & Textured Finishes,/guides/venetian-plaster-cost-per-sq-ft,Medium
custom tint marmorino coarse stucco plaster,Low (100-1k),Transactional/Product-led,Marmorino & Textured Finishes,/products/marmorino-naturale,Low
marmorino coarse stucco for luxury interior design,Medium (1k-5k),Local B2C,Marmorino & Textured Finishes,/products/marmorino-naturale,Medium
marmorino coarse stucco sealing wax protection,Low (100-1k),Informational,Marmorino & Textured Finishes,/guides/lime-plaster-care-waxing,Low
marmorino coarse stucco sample board order,Low (100-1k),Transactional/Product-led,Marmorino & Textured Finishes,/atelier,Low
marmorino coarse stucco acoustic insulation properties,Micro-Niche (10-100),Informational,Marmorino & Textured Finishes,/products/marmorino-naturale,Low
matte marmorino wall plaster wall finish texture,Medium (1k-5k),Commercial,Marmorino & Textured Finishes,/products/marmorino-naturale,Medium
how to achieve matte marmorino wall plaster effect,Medium (1k-5k),Informational,Marmorino & Textured Finishes,/guides/how-to-apply-venetian-plaster,Medium
matte marmorino wall plaster cost per square foot,High (5k-50k),Commercial,Marmorino & Textured Finishes,/guides/venetian-plaster-cost-per-sq-ft,Medium
custom tint matte marmorino wall plaster plaster,Low (100-1k),Transactional/Product-led,Marmorino & Textured Finishes,/products/marmorino-naturale,Low
matte marmorino wall plaster for luxury interior design,Medium (1k-5k),Local B2C,Marmorino & Textured Finishes,/products/marmorino-naturale,Medium
matte marmorino wall plaster sealing wax protection,Low (100-1k),Informational,Marmorino & Textured Finishes,/guides/lime-plaster-care-waxing,Low
matte marmorino wall plaster sample board order,Low (100-1k),Transactional/Product-led,Marmorino & Textured Finishes,/atelier,Low
matte marmorino wall plaster acoustic insulation properties,Micro-Niche (10-100),Informational,Marmorino & Textured Finishes,/products/marmorino-naturale,Low
slaked lime marmorino paste wall finish texture,Medium (1k-5k),Commercial,Marmorino & Textured Finishes,/products/marmorino-naturale,Medium
how to achieve slaked lime marmorino paste effect,Medium (1k-5k),Informational,Marmorino & Textured Finishes,/guides/how-to-apply-venetian-plaster,Medium
slaked lime marmorino paste cost per square foot,High (5k-50k),Commercial,Marmorino & Textured Finishes,/guides/venetian-plaster-cost-per-sq-ft,Medium
custom tint slaked lime marmorino paste plaster,Low (100-1k),Transactional/Product-led,Marmorino & Textured Finishes,/products/marmorino-naturale,Low
slaked lime marmorino paste for luxury interior design,Medium (1k-5k),Local B2C,Marmorino & Textured Finishes,/products/marmorino-naturale,Medium
slaked lime marmorino paste sealing wax protection,Low (100-1k),Informational,Marmorino & Textured Finishes,/guides/lime-plaster-care-waxing,Low
slaked lime marmorino paste sample board order,Low (100-1k),Transactional/Product-led,Marmorino & Textured Finishes,/atelier,Low
slaked lime marmorino paste acoustic insulation properties,Micro-Niche (10-100),Informational,Marmorino & Textured Finishes,/products/marmorino-naturale,Low
marmorino feature wall texture wall finish texture,Medium (1k-5k),Commercial,Marmorino & Textured Finishes,/products/marmorino-naturale,Medium
how to achieve marmorino feature wall texture effect,Medium (1k-5k),Informational,Marmorino & Textured Finishes,/guides/how-to-apply-venetian-plaster,Medium
marmorino feature wall texture cost per square foot,High (5k-50k),Commercial,Marmorino & Textured Finishes,/guides/venetian-plaster-cost-per-sq-ft,Medium
custom tint marmorino feature wall texture plaster,Low (100-1k),Transactional/Product-led,Marmorino & Textured Finishes,/products/marmorino-naturale,Low
marmorino feature wall texture for luxury interior design,Medium (1k-5k),Local B2C,Marmorino & Textured Finishes,/products/marmorino-naturale,Medium
marmorino feature wall texture sealing wax protection,Low (100-1k),Informational,Marmorino & Textured Finishes,/guides/lime-plaster-care-waxing,Low
marmorino feature wall texture sample board order,Low (100-1k),Transactional/Product-led,Marmorino & Textured Finishes,/atelier,Low
marmorino feature wall texture acoustic insulation properties,Micro-Niche (10-100),Informational,Marmorino & Textured Finishes,/products/marmorino-naturale,Low
architectural marmorino wall finish texture,Medium (1k-5k),Commercial,Marmorino & Textured Finishes,/products/marmorino-naturale,Medium
how to achieve architectural marmorino effect,Medium (1k-5k),Informational,Marmorino & Textured Finishes,/guides/how-to-apply-venetian-plaster,Medium
architectural marmorino cost per square foot,High (5k-50k),Commercial,Marmorino & Textured Finishes,/guides/venetian-plaster-cost-per-sq-ft,Medium
custom tint architectural marmorino plaster,Low (100-1k),Transactional/Product-led,Marmorino & Textured Finishes,/products/marmorino-naturale,Low
architectural marmorino for luxury interior design,Medium (1k-5k),Local B2C,Marmorino & Textured Finishes,/products/marmorino-naturale,Medium
architectural marmorino sealing wax protection,Low (100-1k),Informational,Marmorino & Textured Finishes,/guides/lime-plaster-care-waxing,Low
architectural marmorino sample board order,Low (100-1k),Transactional/Product-led,Marmorino & Textured Finishes,/atelier,Low
architectural marmorino acoustic insulation properties,Micro-Niche (10-100),Informational,Marmorino & Textured Finishes,/products/marmorino-naturale,Low
colored marmorino stucco wall finish texture,Medium (1k-5k),Commercial,Marmorino & Textured Finishes,/products/marmorino-naturale,Medium
how to achieve colored marmorino stucco effect,Medium (1k-5k),Informational,Marmorino & Textured Finishes,/guides/how-to-apply-venetian-plaster,Medium
colored marmorino stucco cost per square foot,High (5k-50k),Commercial,Marmorino & Textured Finishes,/guides/venetian-plaster-cost-per-sq-ft,Medium
custom tint colored marmorino stucco plaster,Low (100-1k),Transactional/Product-led,Marmorino & Textured Finishes,/products/marmorino-naturale,Low
colored marmorino stucco for luxury interior design,Medium (1k-5k),Local B2C,Marmorino & Textured Finishes,/products/marmorino-naturale,Medium
colored marmorino stucco sealing wax protection,Low (100-1k),Informational,Marmorino & Textured Finishes,/guides/lime-plaster-care-waxing,Low
colored marmorino stucco sample board order,Low (100-1k),Transactional/Product-led,Marmorino & Textured Finishes,/atelier,Low
colored marmorino stucco acoustic insulation properties,Micro-Niche (10-100),Informational,Marmorino & Textured Finishes,/products/marmorino-naturale,Low
distressed stone plaster wall finish texture,Medium (1k-5k),Commercial,Marmorino & Textured Finishes,/products/marmorino-naturale,Medium
how to achieve distressed stone plaster effect,Medium (1k-5k),Informational,Marmorino & Textured Finishes,/guides/how-to-apply-venetian-plaster,Medium
distressed stone plaster cost per square foot,High (5k-50k),Commercial,Marmorino & Textured Finishes,/guides/venetian-plaster-cost-per-sq-ft,Medium
custom tint distressed stone plaster plaster,Low (100-1k),Transactional/Product-led,Marmorino & Textured Finishes,/products/marmorino-naturale,Low
distressed stone plaster for luxury interior design,Medium (1k-5k),Local B2C,Marmorino & Textured Finishes,/products/marmorino-naturale,Medium
distressed stone plaster sealing wax protection,Low (100-1k),Informational,Marmorino & Textured Finishes,/guides/lime-plaster-care-waxing,Low
distressed stone plaster sample board order,Low (100-1k),Transactional/Product-led,Marmorino & Textured Finishes,/atelier,Low
distressed stone plaster acoustic insulation properties,Micro-Niche (10-100),Informational,Marmorino & Textured Finishes,/products/marmorino-naturale,Low
burnished marmorino finish wall finish texture,Medium (1k-5k),Commercial,Marmorino & Textured Finishes,/products/marmorino-naturale,Medium
how to achieve burnished marmorino finish effect,Medium (1k-5k),Informational,Marmorino & Textured Finishes,/guides/how-to-apply-venetian-plaster,Medium
burnished marmorino finish cost per square foot,High (5k-50k),Commercial,Marmorino & Textured Finishes,/guides/venetian-plaster-cost-per-sq-ft,Medium
custom tint burnished marmorino finish plaster,Low (100-1k),Transactional/Product-led,Marmorino & Textured Finishes,/products/marmorino-naturale,Low
burnished marmorino finish for luxury interior design,Medium (1k-5k),Local B2C,Marmorino & Textured Finishes,/products/marmorino-naturale,Medium
burnished marmorino finish sealing wax protection,Low (100-1k),Informational,Marmorino & Textured Finishes,/guides/lime-plaster-care-waxing,Low
burnished marmorino finish sample board order,Low (100-1k),Transactional/Product-led,Marmorino & Textured Finishes,/atelier,Low
burnished marmorino finish acoustic insulation properties,Micro-Niche (10-100),Informational,Marmorino & Textured Finishes,/products/marmorino-naturale,Low
marmorino plaster accent wall wall finish texture,Medium (1k-5k),Commercial,Marmorino & Textured Finishes,/products/marmorino-naturale,Medium
how to achieve marmorino plaster accent wall effect,Medium (1k-5k),Informational,Marmorino & Textured Finishes,/guides/how-to-apply-venetian-plaster,Medium
marmorino plaster accent wall cost per square foot,High (5k-50k),Commercial,Marmorino & Textured Finishes,/guides/venetian-plaster-cost-per-sq-ft,Medium
custom tint marmorino plaster accent wall plaster,Low (100-1k),Transactional/Product-led,Marmorino & Textured Finishes,/products/marmorino-naturale,Low
marmorino plaster accent wall for luxury interior design,Medium (1k-5k),Local B2C,Marmorino & Textured Finishes,/products/marmorino-naturale,Medium
marmorino plaster accent wall sealing wax protection,Low (100-1k),Informational,Marmorino & Textured Finishes,/guides/lime-plaster-care-waxing,Low
marmorino plaster accent wall sample board order,Low (100-1k),Transactional/Product-led,Marmorino & Textured Finishes,/atelier,Low
marmorino plaster accent wall acoustic insulation properties,Micro-Niche (10-100),Informational,Marmorino & Textured Finishes,/products/marmorino-naturale,Low
interior marmorino coating wall finish texture,Medium (1k-5k),Commercial,Marmorino & Textured Finishes,/products/marmorino-naturale,Medium
how to achieve interior marmorino coating effect,Medium (1k-5k),Informational,Marmorino & Textured Finishes,/guides/how-to-apply-venetian-plaster,Medium
interior marmorino coating cost per square foot,High (5k-50k),Commercial,Marmorino & Textured Finishes,/guides/venetian-plaster-cost-per-sq-ft,Medium
custom tint interior marmorino coating plaster,Low (100-1k),Transactional/Product-led,Marmorino & Textured Finishes,/products/marmorino-naturale,Low
interior marmorino coating for luxury interior design,Medium (1k-5k),Local B2C,Marmorino & Textured Finishes,/products/marmorino-naturale,Medium
interior marmorino coating sealing wax protection,Low (100-1k),Informational,Marmorino & Textured Finishes,/guides/lime-plaster-care-waxing,Low
interior marmorino coating sample board order,Low (100-1k),Transactional/Product-led,Marmorino & Textured Finishes,/atelier,Low
interior marmorino coating acoustic insulation properties,Micro-Niche (10-100),Informational,Marmorino & Textured Finishes,/products/marmorino-naturale,Low
marmorino bathroom wall finish wall finish texture,Medium (1k-5k),Commercial,Marmorino & Textured Finishes,/products/marmorino-naturale,Medium
how to achieve marmorino bathroom wall finish effect,Medium (1k-5k),Informational,Marmorino & Textured Finishes,/guides/how-to-apply-venetian-plaster,Medium
marmorino bathroom wall finish cost per square foot,High (5k-50k),Commercial,Marmorino & Textured Finishes,/guides/venetian-plaster-cost-per-sq-ft,Medium
custom tint marmorino bathroom wall finish plaster,Low (100-1k),Transactional/Product-led,Marmorino & Textured Finishes,/products/marmorino-naturale,Low
marmorino bathroom wall finish for luxury interior design,Medium (1k-5k),Local B2C,Marmorino & Textured Finishes,/products/marmorino-naturale,Medium
marmorino bathroom wall finish sealing wax protection,Low (100-1k),Informational,Marmorino & Textured Finishes,/guides/lime-plaster-care-waxing,Low
marmorino bathroom wall finish sample board order,Low (100-1k),Transactional/Product-led,Marmorino & Textured Finishes,/atelier,Low
marmorino bathroom wall finish acoustic insulation properties,Micro-Niche (10-100),Informational,Marmorino & Textured Finishes,/products/marmorino-naturale,Low
fine grain marble plaster wall finish texture,Medium (1k-5k),Commercial,Marmorino & Textured Finishes,/products/marmorino-naturale,Medium
how to achieve fine grain marble plaster effect,Medium (1k-5k),Informational,Marmorino & Textured Finishes,/guides/how-to-apply-venetian-plaster,Medium
fine grain marble plaster cost per square foot,High (5k-50k),Commercial,Marmorino & Textured Finishes,/guides/venetian-plaster-cost-per-sq-ft,Medium
custom tint fine grain marble plaster plaster,Low (100-1k),Transactional/Product-led,Marmorino & Textured Finishes,/products/marmorino-naturale,Low
fine grain marble plaster for luxury interior design,Medium (1k-5k),Local B2C,Marmorino & Textured Finishes,/products/marmorino-naturale,Medium
fine grain marble plaster sealing wax protection,Low (100-1k),Informational,Marmorino & Textured Finishes,/guides/lime-plaster-care-waxing,Low
fine grain marble plaster sample board order,Low (100-1k),Transactional/Product-led,Marmorino & Textured Finishes,/atelier,Low
fine grain marble plaster acoustic insulation properties,Micro-Niche (10-100),Informational,Marmorino & Textured Finishes,/products/marmorino-naturale,Low
custom tinted marmorino wall finish texture,Medium (1k-5k),Commercial,Marmorino & Textured Finishes,/products/marmorino-naturale,Medium
how to achieve custom tinted marmorino effect,Medium (1k-5k),Informational,Marmorino & Textured Finishes,/guides/how-to-apply-venetian-plaster,Medium
custom tinted marmorino cost per square foot,High (5k-50k),Commercial,Marmorino & Textured Finishes,/guides/venetian-plaster-cost-per-sq-ft,Medium
custom tint custom tinted marmorino plaster,Low (100-1k),Transactional/Product-led,Marmorino & Textured Finishes,/products/marmorino-naturale,Low
custom tinted marmorino for luxury interior design,Medium (1k-5k),Local B2C,Marmorino & Textured Finishes,/products/marmorino-naturale,Medium
custom tinted marmorino sealing wax protection,Low (100-1k),Informational,Marmorino & Textured Finishes,/guides/lime-plaster-care-waxing,Low
custom tinted marmorino sample board order,Low (100-1k),Transactional/Product-led,Marmorino & Textured Finishes,/atelier,Low
custom tinted marmorino acoustic insulation properties,Micro-Niche (10-100),Informational,Marmorino & Textured Finishes,/products/marmorino-naturale,Low
metaline bronze finish accent wall ideas,Medium (1k-5k),Informational,Metallic & Decorative Wall Finishes,/products/metallic-wall-finishes,Medium
how to glaze metaline bronze finish,Low (100-1k),Informational,Metallic & Decorative Wall Finishes,/guides/how-to-apply-venetian-plaster,Low
luxury metaline bronze finish price,Medium (1k-5k),Commercial,Metallic & Decorative Wall Finishes,/products/metallic-wall-finishes,Medium
metaline bronze finish application video guide,Low (100-1k),Informational,Metallic & Decorative Wall Finishes,/guides/how-to-apply-venetian-plaster,Low
metaline bronze finish for boutique hotel interior,Low (100-1k),Local B2B,Metallic & Decorative Wall Finishes,/products/metallic-wall-finishes,Low
buy metaline bronze finish paste bucket,Low (100-1k),Transactional/Product-led,Metallic & Decorative Wall Finishes,/products/metallic-wall-finishes,Low
metaline bronze finish patina aging accelerator,Micro-Niche (10-100),Commercial,Metallic & Decorative Wall Finishes,/products/velvet-rust-patina,Low
velvet rust patina accent wall ideas,Medium (1k-5k),Informational,Metallic & Decorative Wall Finishes,/products/metallic-wall-finishes,Medium
how to glaze velvet rust patina,Low (100-1k),Informational,Metallic & Decorative Wall Finishes,/guides/how-to-apply-venetian-plaster,Low
luxury velvet rust patina price,Medium (1k-5k),Commercial,Metallic & Decorative Wall Finishes,/products/metallic-wall-finishes,Medium
velvet rust patina application video guide,Low (100-1k),Informational,Metallic & Decorative Wall Finishes,/guides/how-to-apply-venetian-plaster,Low
velvet rust patina for boutique hotel interior,Low (100-1k),Local B2B,Metallic & Decorative Wall Finishes,/products/metallic-wall-finishes,Low
buy velvet rust patina paste bucket,Low (100-1k),Transactional/Product-led,Metallic & Decorative Wall Finishes,/products/metallic-wall-finishes,Low
velvet rust patina patina aging accelerator,Micro-Niche (10-100),Commercial,Metallic & Decorative Wall Finishes,/products/velvet-rust-patina,Low
gold leaf stucco accent wall ideas,Medium (1k-5k),Informational,Metallic & Decorative Wall Finishes,/products/metallic-wall-finishes,Medium
how to glaze gold leaf stucco,Low (100-1k),Informational,Metallic & Decorative Wall Finishes,/guides/how-to-apply-venetian-plaster,Low
luxury gold leaf stucco price,Medium (1k-5k),Commercial,Metallic & Decorative Wall Finishes,/products/metallic-wall-finishes,Medium
gold leaf stucco application video guide,Low (100-1k),Informational,Metallic & Decorative Wall Finishes,/guides/how-to-apply-venetian-plaster,Low
gold leaf stucco for boutique hotel interior,Low (100-1k),Local B2B,Metallic & Decorative Wall Finishes,/products/metallic-wall-finishes,Low
buy gold leaf stucco paste bucket,Low (100-1k),Transactional/Product-led,Metallic & Decorative Wall Finishes,/products/metallic-wall-finishes,Low
gold leaf stucco patina aging accelerator,Micro-Niche (10-100),Commercial,Metallic & Decorative Wall Finishes,/products/velvet-rust-patina,Low
stucco metallico paste accent wall ideas,Medium (1k-5k),Informational,Metallic & Decorative Wall Finishes,/products/metallic-wall-finishes,Medium
how to glaze stucco metallico paste,Low (100-1k),Informational,Metallic & Decorative Wall Finishes,/guides/how-to-apply-venetian-plaster,Low
luxury stucco metallico paste price,Medium (1k-5k),Commercial,Metallic & Decorative Wall Finishes,/products/metallic-wall-finishes,Medium
stucco metallico paste application video guide,Low (100-1k),Informational,Metallic & Decorative Wall Finishes,/guides/how-to-apply-venetian-plaster,Low
stucco metallico paste for boutique hotel interior,Low (100-1k),Local B2B,Metallic & Decorative Wall Finishes,/products/metallic-wall-finishes,Low
buy stucco metallico paste paste bucket,Low (100-1k),Transactional/Product-led,Metallic & Decorative Wall Finishes,/products/metallic-wall-finishes,Low
stucco metallico paste patina aging accelerator,Micro-Niche (10-100),Commercial,Metallic & Decorative Wall Finishes,/products/velvet-rust-patina,Low
copper metaline plaster accent wall ideas,Medium (1k-5k),Informational,Metallic & Decorative Wall Finishes,/products/metallic-wall-finishes,Medium
how to glaze copper metaline plaster,Low (100-1k),Informational,Metallic & Decorative Wall Finishes,/guides/how-to-apply-venetian-plaster,Low
luxury copper metaline plaster price,Medium (1k-5k),Commercial,Metallic & Decorative Wall Finishes,/products/metallic-wall-finishes,Medium
copper metaline plaster application video guide,Low (100-1k),Informational,Metallic & Decorative Wall Finishes,/guides/how-to-apply-venetian-plaster,Low
copper metaline plaster for boutique hotel interior,Low (100-1k),Local B2B,Metallic & Decorative Wall Finishes,/products/metallic-wall-finishes,Low
buy copper metaline plaster paste bucket,Low (100-1k),Transactional/Product-led,Metallic & Decorative Wall Finishes,/products/metallic-wall-finishes,Low
copper metaline plaster patina aging accelerator,Micro-Niche (10-100),Commercial,Metallic & Decorative Wall Finishes,/products/velvet-rust-patina,Low
shimmer metallic glaze accent wall ideas,Medium (1k-5k),Informational,Metallic & Decorative Wall Finishes,/products/metallic-wall-finishes,Medium
how to glaze shimmer metallic glaze,Low (100-1k),Informational,Metallic & Decorative Wall Finishes,/guides/how-to-apply-venetian-plaster,Low
luxury shimmer metallic glaze price,Medium (1k-5k),Commercial,Metallic & Decorative Wall Finishes,/products/metallic-wall-finishes,Medium
shimmer metallic glaze application video guide,Low (100-1k),Informational,Metallic & Decorative Wall Finishes,/guides/how-to-apply-venetian-plaster,Low
shimmer metallic glaze for boutique hotel interior,Low (100-1k),Local B2B,Metallic & Decorative Wall Finishes,/products/metallic-wall-finishes,Low
buy shimmer metallic glaze paste bucket,Low (100-1k),Transactional/Product-led,Metallic & Decorative Wall Finishes,/products/metallic-wall-finishes,Low
shimmer metallic glaze patina aging accelerator,Micro-Niche (10-100),Commercial,Metallic & Decorative Wall Finishes,/products/velvet-rust-patina,Low
oxidized iron wall finish accent wall ideas,Medium (1k-5k),Informational,Metallic & Decorative Wall Finishes,/products/metallic-wall-finishes,Medium
how to glaze oxidized iron wall finish,Low (100-1k),Informational,Metallic & Decorative Wall Finishes,/guides/how-to-apply-venetian-plaster,Low
luxury oxidized iron wall finish price,Medium (1k-5k),Commercial,Metallic & Decorative Wall Finishes,/products/metallic-wall-finishes,Medium
oxidized iron wall finish application video guide,Low (100-1k),Informational,Metallic & Decorative Wall Finishes,/guides/how-to-apply-venetian-plaster,Low
oxidized iron wall finish for boutique hotel interior,Low (100-1k),Local B2B,Metallic & Decorative Wall Finishes,/products/metallic-wall-finishes,Low
buy oxidized iron wall finish paste bucket,Low (100-1k),Transactional/Product-led,Metallic & Decorative Wall Finishes,/products/metallic-wall-finishes,Low
oxidized iron wall finish patina aging accelerator,Micro-Niche (10-100),Commercial,Metallic & Decorative Wall Finishes,/products/velvet-rust-patina,Low
champagne gold decorative plaster accent wall ideas,Medium (1k-5k),Informational,Metallic & Decorative Wall Finishes,/products/metallic-wall-finishes,Medium
how to glaze champagne gold decorative plaster,Low (100-1k),Informational,Metallic & Decorative Wall Finishes,/guides/how-to-apply-venetian-plaster,Low
luxury champagne gold decorative plaster price,Medium (1k-5k),Commercial,Metallic & Decorative Wall Finishes,/products/metallic-wall-finishes,Medium
champagne gold decorative plaster application video guide,Low (100-1k),Informational,Metallic & Decorative Wall Finishes,/guides/how-to-apply-venetian-plaster,Low
champagne gold decorative plaster for boutique hotel interior,Low (100-1k),Local B2B,Metallic & Decorative Wall Finishes,/products/metallic-wall-finishes,Low
buy champagne gold decorative plaster paste bucket,Low (100-1k),Transactional/Product-led,Metallic & Decorative Wall Finishes,/products/metallic-wall-finishes,Low
champagne gold decorative plaster patina aging accelerator,Micro-Niche (10-100),Commercial,Metallic & Decorative Wall Finishes,/products/velvet-rust-patina,Low
silver metallic wall stucco accent wall ideas,Medium (1k-5k),Informational,Metallic & Decorative Wall Finishes,/products/metallic-wall-finishes,Medium
how to glaze silver metallic wall stucco,Low (100-1k),Informational,Metallic & Decorative Wall Finishes,/guides/how-to-apply-venetian-plaster,Low
luxury silver metallic wall stucco price,Medium (1k-5k),Commercial,Metallic & Decorative Wall Finishes,/products/metallic-wall-finishes,Medium
silver metallic wall stucco application video guide,Low (100-1k),Informational,Metallic & Decorative Wall Finishes,/guides/how-to-apply-venetian-plaster,Low
silver metallic wall stucco for boutique hotel interior,Low (100-1k),Local B2B,Metallic & Decorative Wall Finishes,/products/metallic-wall-finishes,Low
buy silver metallic wall stucco paste bucket,Low (100-1k),Transactional/Product-led,Metallic & Decorative Wall Finishes,/products/metallic-wall-finishes,Low
silver metallic wall stucco patina aging accelerator,Micro-Niche (10-100),Commercial,Metallic & Decorative Wall Finishes,/products/velvet-rust-patina,Low
antique brass wall plaster accent wall ideas,Medium (1k-5k),Informational,Metallic & Decorative Wall Finishes,/products/metallic-wall-finishes,Medium
how to glaze antique brass wall plaster,Low (100-1k),Informational,Metallic & Decorative Wall Finishes,/guides/how-to-apply-venetian-plaster,Low
luxury antique brass wall plaster price,Medium (1k-5k),Commercial,Metallic & Decorative Wall Finishes,/products/metallic-wall-finishes,Medium
antique brass wall plaster application video guide,Low (100-1k),Informational,Metallic & Decorative Wall Finishes,/guides/how-to-apply-venetian-plaster,Low
antique brass wall plaster for boutique hotel interior,Low (100-1k),Local B2B,Metallic & Decorative Wall Finishes,/products/metallic-wall-finishes,Low
buy antique brass wall plaster paste bucket,Low (100-1k),Transactional/Product-led,Metallic & Decorative Wall Finishes,/products/metallic-wall-finishes,Low
antique brass wall plaster patina aging accelerator,Micro-Niche (10-100),Commercial,Metallic & Decorative Wall Finishes,/products/velvet-rust-patina,Low
burnished bronze wall texture accent wall ideas,Medium (1k-5k),Informational,Metallic & Decorative Wall Finishes,/products/metallic-wall-finishes,Medium
how to glaze burnished bronze wall texture,Low (100-1k),Informational,Metallic & Decorative Wall Finishes,/guides/how-to-apply-venetian-plaster,Low
luxury burnished bronze wall texture price,Medium (1k-5k),Commercial,Metallic & Decorative Wall Finishes,/products/metallic-wall-finishes,Medium
burnished bronze wall texture application video guide,Low (100-1k),Informational,Metallic & Decorative Wall Finishes,/guides/how-to-apply-venetian-plaster,Low
burnished bronze wall texture for boutique hotel interior,Low (100-1k),Local B2B,Metallic & Decorative Wall Finishes,/products/metallic-wall-finishes,Low
buy burnished bronze wall texture paste bucket,Low (100-1k),Transactional/Product-led,Metallic & Decorative Wall Finishes,/products/metallic-wall-finishes,Low
burnished bronze wall texture patina aging accelerator,Micro-Niche (10-100),Commercial,Metallic & Decorative Wall Finishes,/products/velvet-rust-patina,Low
metallic lime plaster accent accent wall ideas,Medium (1k-5k),Informational,Metallic & Decorative Wall Finishes,/products/metallic-wall-finishes,Medium
how to glaze metallic lime plaster accent,Low (100-1k),Informational,Metallic & Decorative Wall Finishes,/guides/how-to-apply-venetian-plaster,Low
luxury metallic lime plaster accent price,Medium (1k-5k),Commercial,Metallic & Decorative Wall Finishes,/products/metallic-wall-finishes,Medium
metallic lime plaster accent application video guide,Low (100-1k),Informational,Metallic & Decorative Wall Finishes,/guides/how-to-apply-venetian-plaster,Low
metallic lime plaster accent for boutique hotel interior,Low (100-1k),Local B2B,Metallic & Decorative Wall Finishes,/products/metallic-wall-finishes,Low
buy metallic lime plaster accent paste bucket,Low (100-1k),Transactional/Product-led,Metallic & Decorative Wall Finishes,/products/metallic-wall-finishes,Low
metallic lime plaster accent patina aging accelerator,Micro-Niche (10-100),Commercial,Metallic & Decorative Wall Finishes,/products/velvet-rust-patina,Low
liquid metal wall coating accent wall ideas,Medium (1k-5k),Informational,Metallic & Decorative Wall Finishes,/products/metallic-wall-finishes,Medium
how to glaze liquid metal wall coating,Low (100-1k),Informational,Metallic & Decorative Wall Finishes,/guides/how-to-apply-venetian-plaster,Low
luxury liquid metal wall coating price,Medium (1k-5k),Commercial,Metallic & Decorative Wall Finishes,/products/metallic-wall-finishes,Medium
liquid metal wall coating application video guide,Low (100-1k),Informational,Metallic & Decorative Wall Finishes,/guides/how-to-apply-venetian-plaster,Low
liquid metal wall coating for boutique hotel interior,Low (100-1k),Local B2B,Metallic & Decorative Wall Finishes,/products/metallic-wall-finishes,Low
buy liquid metal wall coating paste bucket,Low (100-1k),Transactional/Product-led,Metallic & Decorative Wall Finishes,/products/metallic-wall-finishes,Low
liquid metal wall coating patina aging accelerator,Micro-Niche (10-100),Commercial,Metallic & Decorative Wall Finishes,/products/velvet-rust-patina,Low
rose gold venetian plaster accent wall ideas,Medium (1k-5k),Informational,Metallic & Decorative Wall Finishes,/products/metallic-wall-finishes,Medium
how to glaze rose gold venetian plaster,Low (100-1k),Informational,Metallic & Decorative Wall Finishes,/guides/how-to-apply-venetian-plaster,Low
luxury rose gold venetian plaster price,Medium (1k-5k),Commercial,Metallic & Decorative Wall Finishes,/products/metallic-wall-finishes,Medium
rose gold venetian plaster application video guide,Low (100-1k),Informational,Metallic & Decorative Wall Finishes,/guides/how-to-apply-venetian-plaster,Low
rose gold venetian plaster for boutique hotel interior,Low (100-1k),Local B2B,Metallic & Decorative Wall Finishes,/products/metallic-wall-finishes,Low
buy rose gold venetian plaster paste bucket,Low (100-1k),Transactional/Product-led,Metallic & Decorative Wall Finishes,/products/metallic-wall-finishes,Low
rose gold venetian plaster patina aging accelerator,Micro-Niche (10-100),Commercial,Metallic & Decorative Wall Finishes,/products/velvet-rust-patina,Low
pearl luster wall glaze accent wall ideas,Medium (1k-5k),Informational,Metallic & Decorative Wall Finishes,/products/metallic-wall-finishes,Medium
how to glaze pearl luster wall glaze,Low (100-1k),Informational,Metallic & Decorative Wall Finishes,/guides/how-to-apply-venetian-plaster,Low
luxury pearl luster wall glaze price,Medium (1k-5k),Commercial,Metallic & Decorative Wall Finishes,/products/metallic-wall-finishes,Medium
pearl luster wall glaze application video guide,Low (100-1k),Informational,Metallic & Decorative Wall Finishes,/guides/how-to-apply-venetian-plaster,Low
pearl luster wall glaze for boutique hotel interior,Low (100-1k),Local B2B,Metallic & Decorative Wall Finishes,/products/metallic-wall-finishes,Low
buy pearl luster wall glaze paste bucket,Low (100-1k),Transactional/Product-led,Metallic & Decorative Wall Finishes,/products/metallic-wall-finishes,Low
pearl luster wall glaze patina aging accelerator,Micro-Niche (10-100),Commercial,Metallic & Decorative Wall Finishes,/products/velvet-rust-patina,Low
metallic mica wall finish accent wall ideas,Medium (1k-5k),Informational,Metallic & Decorative Wall Finishes,/products/metallic-wall-finishes,Medium
how to glaze metallic mica wall finish,Low (100-1k),Informational,Metallic & Decorative Wall Finishes,/guides/how-to-apply-venetian-plaster,Low
luxury metallic mica wall finish price,Medium (1k-5k),Commercial,Metallic & Decorative Wall Finishes,/products/metallic-wall-finishes,Medium
metallic mica wall finish application video guide,Low (100-1k),Informational,Metallic & Decorative Wall Finishes,/guides/how-to-apply-venetian-plaster,Low
metallic mica wall finish for boutique hotel interior,Low (100-1k),Local B2B,Metallic & Decorative Wall Finishes,/products/metallic-wall-finishes,Low
buy metallic mica wall finish paste bucket,Low (100-1k),Transactional/Product-led,Metallic & Decorative Wall Finishes,/products/metallic-wall-finishes,Low
metallic mica wall finish patina aging accelerator,Micro-Niche (10-100),Commercial,Metallic & Decorative Wall Finishes,/products/velvet-rust-patina,Low
textured metallic feature wall accent wall ideas,Medium (1k-5k),Informational,Metallic & Decorative Wall Finishes,/products/metallic-wall-finishes,Medium
how to glaze textured metallic feature wall,Low (100-1k),Informational,Metallic & Decorative Wall Finishes,/guides/how-to-apply-venetian-plaster,Low
luxury textured metallic feature wall price,Medium (1k-5k),Commercial,Metallic & Decorative Wall Finishes,/products/metallic-wall-finishes,Medium
textured metallic feature wall application video guide,Low (100-1k),Informational,Metallic & Decorative Wall Finishes,/guides/how-to-apply-venetian-plaster,Low
textured metallic feature wall for boutique hotel interior,Low (100-1k),Local B2B,Metallic & Decorative Wall Finishes,/products/metallic-wall-finishes,Low
buy textured metallic feature wall paste bucket,Low (100-1k),Transactional/Product-led,Metallic & Decorative Wall Finishes,/products/metallic-wall-finishes,Low
textured metallic feature wall patina aging accelerator,Micro-Niche (10-100),Commercial,Metallic & Decorative Wall Finishes,/products/velvet-rust-patina,Low
industrial rust plaster finish accent wall ideas,Medium (1k-5k),Informational,Metallic & Decorative Wall Finishes,/products/metallic-wall-finishes,Medium
how to glaze industrial rust plaster finish,Low (100-1k),Informational,Metallic & Decorative Wall Finishes,/guides/how-to-apply-venetian-plaster,Low
luxury industrial rust plaster finish price,Medium (1k-5k),Commercial,Metallic & Decorative Wall Finishes,/products/metallic-wall-finishes,Medium
industrial rust plaster finish application video guide,Low (100-1k),Informational,Metallic & Decorative Wall Finishes,/guides/how-to-apply-venetian-plaster,Low
industrial rust plaster finish for boutique hotel interior,Low (100-1k),Local B2B,Metallic & Decorative Wall Finishes,/products/metallic-wall-finishes,Low
buy industrial rust plaster finish paste bucket,Low (100-1k),Transactional/Product-led,Metallic & Decorative Wall Finishes,/products/metallic-wall-finishes,Low
industrial rust plaster finish patina aging accelerator,Micro-Niche (10-100),Commercial,Metallic & Decorative Wall Finishes,/products/velvet-rust-patina,Low
metallic plaster for luxury bar accent wall ideas,Medium (1k-5k),Informational,Metallic & Decorative Wall Finishes,/products/metallic-wall-finishes,Medium
how to glaze metallic plaster for luxury bar,Low (100-1k),Informational,Metallic & Decorative Wall Finishes,/guides/how-to-apply-venetian-plaster,Low
luxury metallic plaster for luxury bar price,Medium (1k-5k),Commercial,Metallic & Decorative Wall Finishes,/products/metallic-wall-finishes,Medium
metallic plaster for luxury bar application video guide,Low (100-1k),Informational,Metallic & Decorative Wall Finishes,/guides/how-to-apply-venetian-plaster,Low
metallic plaster for luxury bar for boutique hotel interior,Low (100-1k),Local B2B,Metallic & Decorative Wall Finishes,/products/metallic-wall-finishes,Low
buy metallic plaster for luxury bar paste bucket,Low (100-1k),Transactional/Product-led,Metallic & Decorative Wall Finishes,/products/metallic-wall-finishes,Low
metallic plaster for luxury bar patina aging accelerator,Micro-Niche (10-100),Commercial,Metallic & Decorative Wall Finishes,/products/velvet-rust-patina,Low
iridescent wall stucco accent wall ideas,Medium (1k-5k),Informational,Metallic & Decorative Wall Finishes,/products/metallic-wall-finishes,Medium
how to glaze iridescent wall stucco,Low (100-1k),Informational,Metallic & Decorative Wall Finishes,/guides/how-to-apply-venetian-plaster,Low
luxury iridescent wall stucco price,Medium (1k-5k),Commercial,Metallic & Decorative Wall Finishes,/products/metallic-wall-finishes,Medium
iridescent wall stucco application video guide,Low (100-1k),Informational,Metallic & Decorative Wall Finishes,/guides/how-to-apply-venetian-plaster,Low
iridescent wall stucco for boutique hotel interior,Low (100-1k),Local B2B,Metallic & Decorative Wall Finishes,/products/metallic-wall-finishes,Low
buy iridescent wall stucco paste bucket,Low (100-1k),Transactional/Product-led,Metallic & Decorative Wall Finishes,/products/metallic-wall-finishes,Low
iridescent wall stucco patina aging accelerator,Micro-Niche (10-100),Commercial,Metallic & Decorative Wall Finishes,/products/velvet-rust-patina,Low
seamless microcement floor installation guide,High (5k-50k),Informational,Microcement Application,/guides/how-to-apply-venetian-plaster,Medium
seamless microcement floor price breakdown,High (5k-50k),Commercial,Microcement Application,/guides/venetian-plaster-cost-per-sq-ft,Medium
seamless microcement floor durability in wet areas,Medium (1k-5k),Informational,Microcement Application,/services/wetroom-microcement,Medium
buy seamless microcement floor online kit,Medium (1k-5k),Transactional/Product-led,Microcement Application,/products/microcement-systems,Medium
commercial seamless microcement floor installer,Medium (1k-5k),Local B2B,Microcement Application,/services/microcement-flooring,Medium
seamless microcement floor sealer application tips,Low (100-1k),Informational,Microcement Application,/guides/lime-plaster-care-waxing,Low
seamless microcement floor slip resistance rating R10,Micro-Niche (10-100),Informational,Microcement Application,/services/microcement-flooring,Low
waterproof microcement shower installation guide,High (5k-50k),Informational,Microcement Application,/guides/how-to-apply-venetian-plaster,Medium
waterproof microcement shower price breakdown,High (5k-50k),Commercial,Microcement Application,/guides/venetian-plaster-cost-per-sq-ft,Medium
waterproof microcement shower durability in wet areas,Medium (1k-5k),Informational,Microcement Application,/services/wetroom-microcement,Medium
buy waterproof microcement shower online kit,Medium (1k-5k),Transactional/Product-led,Microcement Application,/products/microcement-systems,Medium
commercial waterproof microcement shower installer,Medium (1k-5k),Local B2B,Microcement Application,/services/microcement-flooring,Medium
waterproof microcement shower sealer application tips,Low (100-1k),Informational,Microcement Application,/guides/lime-plaster-care-waxing,Low
waterproof microcement shower slip resistance rating R10,Micro-Niche (10-100),Informational,Microcement Application,/services/microcement-flooring,Low
microcement kitchen countertop installation guide,High (5k-50k),Informational,Microcement Application,/guides/how-to-apply-venetian-plaster,Medium
microcement kitchen countertop price breakdown,High (5k-50k),Commercial,Microcement Application,/guides/venetian-plaster-cost-per-sq-ft,Medium
microcement kitchen countertop durability in wet areas,Medium (1k-5k),Informational,Microcement Application,/services/wetroom-microcement,Medium
buy microcement kitchen countertop online kit,Medium (1k-5k),Transactional/Product-led,Microcement Application,/products/microcement-systems,Medium
commercial microcement kitchen countertop installer,Medium (1k-5k),Local B2B,Microcement Application,/services/microcement-flooring,Medium
microcement kitchen countertop sealer application tips,Low (100-1k),Informational,Microcement Application,/guides/lime-plaster-care-waxing,Low
microcement kitchen countertop slip resistance rating R10,Micro-Niche (10-100),Informational,Microcement Application,/services/microcement-flooring,Low
microcement bathroom walls installation guide,High (5k-50k),Informational,Microcement Application,/guides/how-to-apply-venetian-plaster,Medium
microcement bathroom walls price breakdown,High (5k-50k),Commercial,Microcement Application,/guides/venetian-plaster-cost-per-sq-ft,Medium
microcement bathroom walls durability in wet areas,Medium (1k-5k),Informational,Microcement Application,/services/wetroom-microcement,Medium
buy microcement bathroom walls online kit,Medium (1k-5k),Transactional/Product-led,Microcement Application,/products/microcement-systems,Medium
commercial microcement bathroom walls installer,Medium (1k-5k),Local B2B,Microcement Application,/services/microcement-flooring,Medium
microcement bathroom walls sealer application tips,Low (100-1k),Informational,Microcement Application,/guides/lime-plaster-care-waxing,Low
microcement bathroom walls slip resistance rating R10,Micro-Niche (10-100),Informational,Microcement Application,/services/microcement-flooring,Low
microcement outdoor patio installation guide,High (5k-50k),Informational,Microcement Application,/guides/how-to-apply-venetian-plaster,Medium
microcement outdoor patio price breakdown,High (5k-50k),Commercial,Microcement Application,/guides/venetian-plaster-cost-per-sq-ft,Medium
microcement outdoor patio durability in wet areas,Medium (1k-5k),Informational,Microcement Application,/services/wetroom-microcement,Medium
buy microcement outdoor patio online kit,Medium (1k-5k),Transactional/Product-led,Microcement Application,/products/microcement-systems,Medium
commercial microcement outdoor patio installer,Medium (1k-5k),Local B2B,Microcement Application,/services/microcement-flooring,Medium
microcement outdoor patio sealer application tips,Low (100-1k),Informational,Microcement Application,/guides/lime-plaster-care-waxing,Low
microcement outdoor patio slip resistance rating R10,Micro-Niche (10-100),Informational,Microcement Application,/services/microcement-flooring,Low
two component microcement kit installation guide,High (5k-50k),Informational,Microcement Application,/guides/how-to-apply-venetian-plaster,Medium
two component microcement kit price breakdown,High (5k-50k),Commercial,Microcement Application,/guides/venetian-plaster-cost-per-sq-ft,Medium
two component microcement kit durability in wet areas,Medium (1k-5k),Informational,Microcement Application,/services/wetroom-microcement,Medium
buy two component microcement kit online kit,Medium (1k-5k),Transactional/Product-led,Microcement Application,/products/microcement-systems,Medium
commercial two component microcement kit installer,Medium (1k-5k),Local B2B,Microcement Application,/services/microcement-flooring,Medium
two component microcement kit sealer application tips,Low (100-1k),Informational,Microcement Application,/guides/lime-plaster-care-waxing,Low
two component microcement kit slip resistance rating R10,Micro-Niche (10-100),Informational,Microcement Application,/services/microcement-flooring,Low
microcement overlay over tile installation guide,High (5k-50k),Informational,Microcement Application,/guides/how-to-apply-venetian-plaster,Medium
microcement overlay over tile price breakdown,High (5k-50k),Commercial,Microcement Application,/guides/venetian-plaster-cost-per-sq-ft,Medium
microcement overlay over tile durability in wet areas,Medium (1k-5k),Informational,Microcement Application,/services/wetroom-microcement,Medium
buy microcement overlay over tile online kit,Medium (1k-5k),Transactional/Product-led,Microcement Application,/products/microcement-systems,Medium
commercial microcement overlay over tile installer,Medium (1k-5k),Local B2B,Microcement Application,/services/microcement-flooring,Medium
microcement overlay over tile sealer application tips,Low (100-1k),Informational,Microcement Application,/guides/lime-plaster-care-waxing,Low
microcement overlay over tile slip resistance rating R10,Micro-Niche (10-100),Informational,Microcement Application,/services/microcement-flooring,Low
industrial microcement flooring installation guide,High (5k-50k),Informational,Microcement Application,/guides/how-to-apply-venetian-plaster,Medium
industrial microcement flooring price breakdown,High (5k-50k),Commercial,Microcement Application,/guides/venetian-plaster-cost-per-sq-ft,Medium
industrial microcement flooring durability in wet areas,Medium (1k-5k),Informational,Microcement Application,/services/wetroom-microcement,Medium
buy industrial microcement flooring online kit,Medium (1k-5k),Transactional/Product-led,Microcement Application,/products/microcement-systems,Medium
commercial industrial microcement flooring installer,Medium (1k-5k),Local B2B,Microcement Application,/services/microcement-flooring,Medium
industrial microcement flooring sealer application tips,Low (100-1k),Informational,Microcement Application,/guides/lime-plaster-care-waxing,Low
industrial microcement flooring slip resistance rating R10,Micro-Niche (10-100),Informational,Microcement Application,/services/microcement-flooring,Low
microcement stair finish installation guide,High (5k-50k),Informational,Microcement Application,/guides/how-to-apply-venetian-plaster,Medium
microcement stair finish price breakdown,High (5k-50k),Commercial,Microcement Application,/guides/venetian-plaster-cost-per-sq-ft,Medium
microcement stair finish durability in wet areas,Medium (1k-5k),Informational,Microcement Application,/services/wetroom-microcement,Medium
buy microcement stair finish online kit,Medium (1k-5k),Transactional/Product-led,Microcement Application,/products/microcement-systems,Medium
commercial microcement stair finish installer,Medium (1k-5k),Local B2B,Microcement Application,/services/microcement-flooring,Medium
microcement stair finish sealer application tips,Low (100-1k),Informational,Microcement Application,/guides/lime-plaster-care-waxing,Low
microcement stair finish slip resistance rating R10,Micro-Niche (10-100),Informational,Microcement Application,/services/microcement-flooring,Low
microcement sealer matte finish installation guide,High (5k-50k),Informational,Microcement Application,/guides/how-to-apply-venetian-plaster,Medium
microcement sealer matte finish price breakdown,High (5k-50k),Commercial,Microcement Application,/guides/venetian-plaster-cost-per-sq-ft,Medium
microcement sealer matte finish durability in wet areas,Medium (1k-5k),Informational,Microcement Application,/services/wetroom-microcement,Medium
buy microcement sealer matte finish online kit,Medium (1k-5k),Transactional/Product-led,Microcement Application,/products/microcement-systems,Medium
commercial microcement sealer matte finish installer,Medium (1k-5k),Local B2B,Microcement Application,/services/microcement-flooring,Medium
microcement sealer matte finish sealer application tips,Low (100-1k),Informational,Microcement Application,/guides/lime-plaster-care-waxing,Low
microcement sealer matte finish slip resistance rating R10,Micro-Niche (10-100),Informational,Microcement Application,/services/microcement-flooring,Low
microcement pool deck coating installation guide,High (5k-50k),Informational,Microcement Application,/guides/how-to-apply-venetian-plaster,Medium
microcement pool deck coating price breakdown,High (5k-50k),Commercial,Microcement Application,/guides/venetian-plaster-cost-per-sq-ft,Medium
microcement pool deck coating durability in wet areas,Medium (1k-5k),Informational,Microcement Application,/services/wetroom-microcement,Medium
buy microcement pool deck coating online kit,Medium (1k-5k),Transactional/Product-led,Microcement Application,/products/microcement-systems,Medium
commercial microcement pool deck coating installer,Medium (1k-5k),Local B2B,Microcement Application,/services/microcement-flooring,Medium
microcement pool deck coating sealer application tips,Low (100-1k),Informational,Microcement Application,/guides/lime-plaster-care-waxing,Low
microcement pool deck coating slip resistance rating R10,Micro-Niche (10-100),Informational,Microcement Application,/services/microcement-flooring,Low
seamless microcement wetroom installation guide,High (5k-50k),Informational,Microcement Application,/guides/how-to-apply-venetian-plaster,Medium
seamless microcement wetroom price breakdown,High (5k-50k),Commercial,Microcement Application,/guides/venetian-plaster-cost-per-sq-ft,Medium
seamless microcement wetroom durability in wet areas,Medium (1k-5k),Informational,Microcement Application,/services/wetroom-microcement,Medium
buy seamless microcement wetroom online kit,Medium (1k-5k),Transactional/Product-led,Microcement Application,/products/microcement-systems,Medium
commercial seamless microcement wetroom installer,Medium (1k-5k),Local B2B,Microcement Application,/services/microcement-flooring,Medium
seamless microcement wetroom sealer application tips,Low (100-1k),Informational,Microcement Application,/guides/lime-plaster-care-waxing,Low
seamless microcement wetroom slip resistance rating R10,Micro-Niche (10-100),Informational,Microcement Application,/services/microcement-flooring,Low
microcement wall coating system installation guide,High (5k-50k),Informational,Microcement Application,/guides/how-to-apply-venetian-plaster,Medium
microcement wall coating system price breakdown,High (5k-50k),Commercial,Microcement Application,/guides/venetian-plaster-cost-per-sq-ft,Medium
microcement wall coating system durability in wet areas,Medium (1k-5k),Informational,Microcement Application,/services/wetroom-microcement,Medium
buy microcement wall coating system online kit,Medium (1k-5k),Transactional/Product-led,Microcement Application,/products/microcement-systems,Medium
commercial microcement wall coating system installer,Medium (1k-5k),Local B2B,Microcement Application,/services/microcement-flooring,Medium
microcement wall coating system sealer application tips,Low (100-1k),Informational,Microcement Application,/guides/lime-plaster-care-waxing,Low
microcement wall coating system slip resistance rating R10,Micro-Niche (10-100),Informational,Microcement Application,/services/microcement-flooring,Low
decorative microcement floor installation guide,High (5k-50k),Informational,Microcement Application,/guides/how-to-apply-venetian-plaster,Medium
decorative microcement floor price breakdown,High (5k-50k),Commercial,Microcement Application,/guides/venetian-plaster-cost-per-sq-ft,Medium
decorative microcement floor durability in wet areas,Medium (1k-5k),Informational,Microcement Application,/services/wetroom-microcement,Medium
buy decorative microcement floor online kit,Medium (1k-5k),Transactional/Product-led,Microcement Application,/products/microcement-systems,Medium
commercial decorative microcement floor installer,Medium (1k-5k),Local B2B,Microcement Application,/services/microcement-flooring,Medium
decorative microcement floor sealer application tips,Low (100-1k),Informational,Microcement Application,/guides/lime-plaster-care-waxing,Low
decorative microcement floor slip resistance rating R10,Micro-Niche (10-100),Informational,Microcement Application,/services/microcement-flooring,Low
microcement tintable resin base installation guide,High (5k-50k),Informational,Microcement Application,/guides/how-to-apply-venetian-plaster,Medium
microcement tintable resin base price breakdown,High (5k-50k),Commercial,Microcement Application,/guides/venetian-plaster-cost-per-sq-ft,Medium
microcement tintable resin base durability in wet areas,Medium (1k-5k),Informational,Microcement Application,/services/wetroom-microcement,Medium
buy microcement tintable resin base online kit,Medium (1k-5k),Transactional/Product-led,Microcement Application,/products/microcement-systems,Medium
commercial microcement tintable resin base installer,Medium (1k-5k),Local B2B,Microcement Application,/services/microcement-flooring,Medium
microcement tintable resin base sealer application tips,Low (100-1k),Informational,Microcement Application,/guides/lime-plaster-care-waxing,Low
microcement tintable resin base slip resistance rating R10,Micro-Niche (10-100),Informational,Microcement Application,/services/microcement-flooring,Low
microcement vs polished concrete installation guide,High (5k-50k),Informational,Microcement Application,/guides/how-to-apply-venetian-plaster,Medium
microcement vs polished concrete price breakdown,High (5k-50k),Commercial,Microcement Application,/guides/venetian-plaster-cost-per-sq-ft,Medium
microcement vs polished concrete durability in wet areas,Medium (1k-5k),Informational,Microcement Application,/services/wetroom-microcement,Medium
buy microcement vs polished concrete online kit,Medium (1k-5k),Transactional/Product-led,Microcement Application,/products/microcement-systems,Medium
commercial microcement vs polished concrete installer,Medium (1k-5k),Local B2B,Microcement Application,/services/microcement-flooring,Medium
microcement vs polished concrete sealer application tips,Low (100-1k),Informational,Microcement Application,/guides/lime-plaster-care-waxing,Low
microcement vs polished concrete slip resistance rating R10,Micro-Niche (10-100),Informational,Microcement Application,/services/microcement-flooring,Low
microcement coat per sq ft installation guide,High (5k-50k),Informational,Microcement Application,/guides/how-to-apply-venetian-plaster,Medium
microcement coat per sq ft price breakdown,High (5k-50k),Commercial,Microcement Application,/guides/venetian-plaster-cost-per-sq-ft,Medium
microcement coat per sq ft durability in wet areas,Medium (1k-5k),Informational,Microcement Application,/services/wetroom-microcement,Medium
buy microcement coat per sq ft online kit,Medium (1k-5k),Transactional/Product-led,Microcement Application,/products/microcement-systems,Medium
commercial microcement coat per sq ft installer,Medium (1k-5k),Local B2B,Microcement Application,/services/microcement-flooring,Medium
microcement coat per sq ft sealer application tips,Low (100-1k),Informational,Microcement Application,/guides/lime-plaster-care-waxing,Low
microcement coat per sq ft slip resistance rating R10,Micro-Niche (10-100),Informational,Microcement Application,/services/microcement-flooring,Low
microcement resurfacing floor installation guide,High (5k-50k),Informational,Microcement Application,/guides/how-to-apply-venetian-plaster,Medium
microcement resurfacing floor price breakdown,High (5k-50k),Commercial,Microcement Application,/guides/venetian-plaster-cost-per-sq-ft,Medium
microcement resurfacing floor durability in wet areas,Medium (1k-5k),Informational,Microcement Application,/services/wetroom-microcement,Medium
buy microcement resurfacing floor online kit,Medium (1k-5k),Transactional/Product-led,Microcement Application,/products/microcement-systems,Medium
commercial microcement resurfacing floor installer,Medium (1k-5k),Local B2B,Microcement Application,/services/microcement-flooring,Medium
microcement resurfacing floor sealer application tips,Low (100-1k),Informational,Microcement Application,/guides/lime-plaster-care-waxing,Low
microcement resurfacing floor slip resistance rating R10,Micro-Niche (10-100),Informational,Microcement Application,/services/microcement-flooring,Low
architectural microcement finish installation guide,High (5k-50k),Informational,Microcement Application,/guides/how-to-apply-venetian-plaster,Medium
architectural microcement finish price breakdown,High (5k-50k),Commercial,Microcement Application,/guides/venetian-plaster-cost-per-sq-ft,Medium
architectural microcement finish durability in wet areas,Medium (1k-5k),Informational,Microcement Application,/services/wetroom-microcement,Medium
buy architectural microcement finish online kit,Medium (1k-5k),Transactional/Product-led,Microcement Application,/products/microcement-systems,Medium
commercial architectural microcement finish installer,Medium (1k-5k),Local B2B,Microcement Application,/services/microcement-flooring,Medium
architectural microcement finish sealer application tips,Low (100-1k),Informational,Microcement Application,/guides/lime-plaster-care-waxing,Low
architectural microcement finish slip resistance rating R10,Micro-Niche (10-100),Informational,Microcement Application,/services/microcement-flooring,Low
microcement vanity countertop installation guide,High (5k-50k),Informational,Microcement Application,/guides/how-to-apply-venetian-plaster,Medium
microcement vanity countertop price breakdown,High (5k-50k),Commercial,Microcement Application,/guides/venetian-plaster-cost-per-sq-ft,Medium
microcement vanity countertop durability in wet areas,Medium (1k-5k),Informational,Microcement Application,/services/wetroom-microcement,Medium
buy microcement vanity countertop online kit,Medium (1k-5k),Transactional/Product-led,Microcement Application,/products/microcement-systems,Medium
commercial microcement vanity countertop installer,Medium (1k-5k),Local B2B,Microcement Application,/services/microcement-flooring,Medium
microcement vanity countertop sealer application tips,Low (100-1k),Informational,Microcement Application,/guides/lime-plaster-care-waxing,Low
microcement vanity countertop slip resistance rating R10,Micro-Niche (10-100),Informational,Microcement Application,/services/microcement-flooring,Low
